subject_id,cell_ID,filename_nwb,cellType,cellSubtype,mappingRate,seq_batch,predictCluster,predictCluster_label,mainClusterCorrs,morphoTraced
Mfa191122,B112,sub-Mfa191122_ses-sess-191122d1_obj-1f2whdt_icephys.nwb,PC,PC_L5,0.6298,batch-4,8,Exc FEZF2 COL24A1,0.51,traced
Mfa191122,B15,sub-Mfa191122_ses-sess-191122d1_obj-qltwlt_icephys.nwb,PC,PC_L5,0.888,batch-4,8,Exc FEZF2 COL24A1,0.52,traced
Mfa191122,B154,sub-Mfa191122_ses-sess-191122d1_obj-ngfktu_icephys.nwb,PC,PC_L5,0.8732,batch-4,8,Exc FEZF2 COL24A1,0.38,traced
Mfa191122,B224,sub-Mfa191122_ses-sess-191122d1_obj-bo9bwo_icephys.nwb,PC,PC_L5,0.5803,batch-4,8,Exc FEZF2 COL24A1,0.37,traced
Mfa191122,B289,sub-Mfa191122_ses-sess-191122d1_obj-19xxyn1_icephys.nwb,PC,PC_L5,0.8475,batch-4,16,Exc FEZF2 DSG2,0.4,
Mfa191122,B333,sub-Mfa191122_ses-sess-191122d1_obj-j4u2la_icephys.nwb,PC,PC_L5,0.618,batch-4,16,Exc FEZF2 DSG2,0.84,
Mfa191122,B361,sub-Mfa191122_ses-sess-191122d1_obj-pybb1j_icephys.nwb,PC,PC_L5,0.8638,batch-4,16,Exc FEZF2 DSG2,0.81,
Mfa191122,B55,sub-Mfa191122_ses-sess-191122d1_obj-ebcx0g_icephys.nwb,PC,PC_L5,0.8886,batch-4,8,Exc FEZF2 COL24A1,0.46,traced
Mfa191122,B553,sub-Mfa191122_ses-sess-191122d1_obj-1wv9giz_icephys.nwb,VEN,VEN_Long,0.7301,batch-4,16,Exc FEZF2 DSG2,1,traced
Mfa191122,B554,sub-Mfa191122_ses-sess-191122d1_obj-116zblx_icephys.nwb,PC,PC_L5,0.8302,batch-4,6,Exc FEZF2 LTBP3,0.79,
Mfa191122,B555,sub-Mfa191122_ses-sess-191122d2_obj-xqut30_icephys.nwb,PC,PC_L5,0.7412,batch-4,18,Exc FEZF2 MCUB,1,traced
Mfa191122,B556,sub-Mfa191122_ses-sess-191122d2_obj-1qk8ues_icephys.nwb,PC,PC_L23,0.6876,batch-4,5,Exc HPCAL1 FREM3,0.56,
Mfa191122,B557,sub-Mfa191122_ses-sess-191122d2_obj-1wkcn1m_icephys.nwb,PC,PC_L5ET,0.8612,batch-4,16,Exc FEZF2 DSG2,0.92,traced
Mfa191122,B558,sub-Mfa191122_ses-sess-191122d2_obj-x0607t_icephys.nwb,PC,PC_L5,0.6122,batch-4,18,Exc FEZF2 MCUB,0.76,
Mfa191122,B559,sub-Mfa191122_ses-sess-191122d2_obj-1n8qsvz_icephys.nwb,PC,PC_L5,0.6391,batch-4,18,Exc FEZF2 MCUB,0.28,
Mfa191122,B561,sub-Mfa191122_ses-sess-191122d2_obj-1oq9lu0_icephys.nwb,PC,PC_L5,0.8718,batch-4,2,Exc RORB CDK2AP1,0.35,traced
Mfa191122,B562,sub-Mfa191122_ses-sess-191122d2_obj-px4ds6_icephys.nwb,PC,PC_L23,0.4346,batch-4,5,Exc HPCAL1 FREM3,0.35,
Mfa191122,B563,sub-Mfa191122_ses-sess-191122d2_obj-18ng2x7_icephys.nwb,PC,PC_L5,0.8766,batch-4,16,Exc FEZF2 DSG2,0.98,traced
Mfa191122,B564,sub-Mfa191122_ses-sess-191122d2_obj-axgnf6_icephys.nwb,PC,PC_L23,#N/A,batch-4,#N/A,#N/A,#N/A,
Mfa191122,B565,sub-Mfa191122_ses-sess-191122d2_obj-zkyy1i_icephys.nwb,VEN,#N/A,#N/A,batch-4,#N/A,#N/A,#N/A,
Mfa191122,B566,sub-Mfa191122_ses-sess-191122d2_obj-lx2q33_icephys.nwb,PC,PC_L5,0.8101,batch-4,14,Exc RORB NRG1,0.47,traced
Mfa191122,B567,sub-Mfa191122_ses-sess-191122d2_obj-xd8jcs_icephys.nwb,PC,PC_L23,#N/A,batch-4,#N/A,#N/A,#N/A,
Mfa191122,B568,sub-Mfa191122_ses-sess-191122d2_obj-mvxaix_icephys.nwb,PC,PC_L5,0.8294,batch-4,14,Exc RORB NRG1,0.91,
Mfa191122,B569,sub-Mfa191122_ses-sess-191122d2_obj-1wr9q9a_icephys.nwb,PC,PC_L5,0.5004,batch-4,14,Exc RORB NRG1,0.63,traced
Mfa191122,B570,sub-Mfa191122_ses-sess-191122d2_obj-sou0bm_icephys.nwb,PC,PC_L5,0.6144,batch-4,6,Exc FEZF2 LTBP3,0.29,traced
Mfa191122,B571,sub-Mfa191122_ses-sess-191122d2_obj-w00fc6_icephys.nwb,VEN,VEN_Short,0.4089,batch-4,8,Exc FEZF2 COL24A1,1,
Mfa191122,B572,sub-Mfa191122_ses-sess-191122d2_obj-1r4hqoo_icephys.nwb,PC,PC_L23,0.5009,batch-4,5,Exc HPCAL1 FREM3,0.96,
Mfa191122,B716,sub-Mfa191122_ses-sess-191122d3_obj-1fttgzf_icephys.nwb,VEN,#N/A,#N/A,#N/A,#N/A,#N/A,#N/A,
Mfa191122,B717,sub-Mfa191122_ses-sess-191122d3_obj-b36kd7_icephys.nwb,VEN,#N/A,#N/A,#N/A,#N/A,#N/A,#N/A,
Mfa191122,B719,sub-Mfa191122_ses-sess-191122d3_obj-cenwnl_icephys.nwb,VEN,#N/A,#N/A,#N/A,#N/A,#N/A,#N/A,
Mfa191122,B720,sub-Mfa191122_ses-sess-191122d3_obj-vuy93x_icephys.nwb,VEN,#N/A,#N/A,#N/A,#N/A,#N/A,#N/A,
Mfa191122,B721,sub-Mfa191122_ses-sess-191122d3_obj-1e4gzv1_icephys.nwb,VEN,VEN_Long,0.9034,batch-4,16,Exc FEZF2 DSG2,1,traced
Mfa191122,B722,sub-Mfa191122_ses-sess-191122d3_obj-1c5hv0u_icephys.nwb,PC,PC_L5,0.8758,batch-4,16,Exc FEZF2 DSG2,0.84,
Mfa191122,B723,sub-Mfa191122_ses-sess-191122d3_obj-6qjntd_icephys.nwb,PC,PC_L5,0.7522,batch-4,3,Exc FEZF2 RSPO3,0.5,traced
Mfa191122,B724,sub-Mfa191122_ses-sess-191122d3_obj-z0ep08_icephys.nwb,PC,#N/A,#N/A,#N/A,#N/A,#N/A,#N/A,
Mfa191122,B725,sub-Mfa191122_ses-sess-191122d3_obj-e40agf_icephys.nwb,PC,PC_L5ET,0.6598,batch-4,16,Exc FEZF2 DSG2,0.56,traced
Mfa191122,B726,sub-Mfa191122_ses-sess-191122d3_obj-8oie4j_icephys.nwb,PC,#N/A,#N/A,#N/A,#N/A,#N/A,#N/A,
Mfa191122,B727,sub-Mfa191122_ses-sess-191122d3_obj-lewm2i_icephys.nwb,PC,#N/A,#N/A,#N/A,#N/A,#N/A,#N/A,
Mfa191122,B728,sub-Mfa191122_ses-sess-191122d3_obj-xpm0bx_icephys.nwb,PC,PC_L5,0.9002,batch-4,6,Exc FEZF2 LTBP3,0.24,
Mfa191122,B729,sub-Mfa191122_ses-sess-191122d3_obj-1v1wq7l_icephys.nwb,INTER,INTER_L23,0.8826,batch-4,50,Inh PVALB NKX2-1,0.83,
Mfa191122,B730,sub-Mfa191122_ses-sess-191122d3_obj-1ursggg_icephys.nwb,VEN,#N/A,#N/A,#N/A,#N/A,#N/A,#N/A,
Mfa191122,B733,sub-Mfa191122_ses-sess-191122d3_obj-xc3zsy_icephys.nwb,PC,PC_L5,0.8772,batch-4,18,Exc FEZF2 MCUB,0.57,
Mfa191122,B734,sub-Mfa191122_ses-sess-191122d3_obj-p75b31_icephys.nwb,PC,PC_L5,0.8954,batch-4,14,Exc RORB NRG1,0.75,
Mfa191122,B735,sub-Mfa191122_ses-sess-191122d3_obj-hunhjq_icephys.nwb,PC,PC_L5ET,0.6778,batch-4,16,Exc FEZF2 DSG2,0.74,traced
Mfa220407,n1,sub-Mfa220407_ses-sess-220407d1_obj-ikp5xw_icephys.nwb,PC,PC_L5,0.9099,batch-5,18,Exc FEZF2 MCUB,0.54,
Mfa220407,n10,sub-Mfa220407_ses-sess-220407d1_obj-1ikdhhq_icephys.nwb,PC,PC_L5,0.7385,batch-5,8,Exc FEZF2 COL24A1,0.95,traced
Mfa220419,n100,sub-Mfa220419_ses-sess-220419d2_obj-isceb3_icephys.nwb,INTER,INTER_L5,#N/A,#N/A,#N/A,#N/A,#N/A,
Mfa220419,n101,sub-Mfa220419_ses-sess-220419d2_obj-1eq4cat_icephys.nwb,PC,L23_PC,#N/A,batch-5,#N/A,#N/A,#N/A,
Mfa220419,n102,sub-Mfa220419_ses-sess-220419d2_obj-1ios5ac_icephys.nwb,PC,#N/A,#N/A,#N/A,#N/A,#N/A,#N/A,
Mfa220419,n103,sub-Mfa220419_ses-sess-220419d2_obj-vhpueh_icephys.nwb,INTER,INTER_L23,0.5487,batch-5,22,Inh SST MME,0.73,traced
Mfa220419,n104,sub-Mfa220419_ses-sess-220419d2_obj-1beehea_icephys.nwb,PC,#N/A,#N/A,#N/A,#N/A,#N/A,#N/A,
Mfa220419,n105,sub-Mfa220419_ses-sess-220419d3_obj-51fdvx_icephys.nwb,PC,PC_L5,0.6272,batch-5,13,Exc RORB FAP,0.5,traced
Mfa220419,n106,sub-Mfa220419_ses-sess-220419d3_obj-1d2jklm_icephys.nwb,INTER,INTER_L5,#N/A,#N/A,#N/A,#N/A,#N/A,
Mfa220419,n107,sub-Mfa220419_ses-sess-220419d3_obj-1bkayxq_icephys.nwb,PC,#N/A,#N/A,batch-5,#N/A,#N/A,#N/A,
Mfa220419,n108,sub-Mfa220419_ses-sess-220419d3_obj-16u0khc_icephys.nwb,INTER,INTER_L23,0.786,batch-5,39,Inh SNCG PDLIM5,0.9,
Mfa220407,n11,sub-Mfa220407_ses-sess-220407d1_obj-4ts187_icephys.nwb,#N/A,#N/A,#N/A,batch-5,#N/A,#N/A,#N/A,
Mfa220419,n110,sub-Mfa220419_ses-sess-220419d3_obj-m3sabc_icephys.nwb,PC,#N/A,#N/A,#N/A,#N/A,#N/A,#N/A,
Mfa220419,n112,sub-Mfa220419_ses-sess-220419d3_obj-jo3lr6_icephys.nwb,PC,PC_L5,#N/A,batch-5,#N/A,#N/A,#N/A,traced
Mfa220419,n113,sub-Mfa220419_ses-sess-220419d3_obj-1evlzh4_icephys.nwb,INTER,INTER_L5,0.7577,batch-5,44,Inh SST SLC30A3,0.55,traced
Mfa220419,n114,sub-Mfa220419_ses-sess-220419d3_obj-1ac45ir_icephys.nwb,INTER,INTER_L5,#N/A,#N/A,#N/A,#N/A,#N/A,
Mfa220419,n115,sub-Mfa220419_ses-sess-220419d3_obj-1xvceib_icephys.nwb,INTER,INTER_L5,#N/A,#N/A,#N/A,#N/A,#N/A,
Mfa220419,n117,sub-Mfa220419_ses-sess-220419d3_obj-1rhybxi_icephys.nwb,PC,PC_L5,0.8365,batch-5,6,Exc FEZF2 LTBP3,0.44,
Mfa220419,n118,sub-Mfa220419_ses-sess-220419d3_obj-m7ka5b_icephys.nwb,#N/A,#N/A,#N/A,#N/A,#N/A,#N/A,#N/A,
Mfa220419,n119,sub-Mfa220419_ses-sess-220419d3_obj-p81tth_icephys.nwb,INTER,INTER_L23,0.5633,batch-5,30,Inh PVALB PVALB,0.98,
Mfa220407,n12,sub-Mfa220407_ses-sess-220407d1_obj-12ffwk5_icephys.nwb,PC,PC_L5,0.7624,batch-5,11,Exc RORB CHI3L1,0.49,traced
Mfa220419,n120,sub-Mfa220419_ses-sess-220419d3_obj-14nhp7n_icephys.nwb,PC,PC_L6,0.6589,batch-5,17,Exc HPCAL1 KANK4,0.29,traced
Mfa220419,n121,sub-Mfa220419_ses-sess-220419d3_obj-16mvnd0_icephys.nwb,#N/A,#N/A,#N/A,#N/A,#N/A,#N/A,#N/A,
Mfa220419,n122,sub-Mfa220419_ses-sess-220419d3_obj-yj8ii4_icephys.nwb,PC,PC_L5,0.7043,batch-5,0,Exc RORB SCN7A,0.33,traced
Mfa220419,n123,sub-Mfa220419_ses-sess-220419d3_obj-c3iedp_icephys.nwb,PC,PC_L5,0.8487,batch-5,19,Exc RORB TRDN ,0.62,
Mfa220419,n124,sub-Mfa220419_ses-sess-220419d3_obj-19gua7j_icephys.nwb,PC,L23_PC,#N/A,batch-5,#N/A,#N/A,#N/A,
Mfa220419,n125,sub-Mfa220419_ses-sess-220419d3_obj-18i3nkg_icephys.nwb,INTER,INTER_L5,#N/A,#N/A,#N/A,#N/A,#N/A,
Mfa220419,n126,sub-Mfa220419_ses-sess-220419d3_obj-1z0wjz0_icephys.nwb,PC,PC_L5,0.7196,batch-5,3,Exc FEZF2 RSPO3,0.75,traced
Mfa220419,n127,sub-Mfa220419_ses-sess-220419d3_obj-1ll0a60_icephys.nwb,INTER,INTER_L23,0.6011,batch-5,46,Inh SERPINF1 DCN,0.35,
Mfa220428,n128,sub-Mfa220428_ses-sess-220428d1AS_obj-poij2h_icephys.nwb,#N/A,#N/A,#N/A,#N/A,#N/A,#N/A,#N/A,
Mfa220428,n129,sub-Mfa220428_ses-sess-220428d1AS_obj-p77lg9_icephys.nwb,INTER,INTER_L5,#N/A,#N/A,#N/A,#N/A,#N/A,
Mfa220407,n13,sub-Mfa220407_ses-sess-220407d1_obj-d3p8m4_icephys.nwb,VEN,#N/A,#N/A,#N/A,#N/A,#N/A,#N/A,
Mfa220407,n14,sub-Mfa220407_ses-sess-220407d1_obj-13b309l_icephys.nwb,VEN,#N/A,#N/A,#N/A,#N/A,#N/A,#N/A,
Mfa220428,n141,sub-Mfa220428_ses-sess-220428d1AS_obj-w789s3_icephys.nwb,PC,#N/A,#N/A,#N/A,#N/A,#N/A,#N/A,
Mfa220428,n142,sub-Mfa220428_ses-sess-220428d1AS_obj-pv0eqz_icephys.nwb,PC,#N/A,#N/A,#N/A,#N/A,#N/A,#N/A,
Mfa220428,n143,sub-Mfa220428_ses-sess-220428d1AS_obj-1xt2nn6_icephys.nwb,VEN,VEN_Short,0.8994,batch-5,8,Exc FEZF2 COL24A1,0.5,traced
Mfa220428,n144,sub-Mfa220428_ses-sess-220428d1AS_obj-1yf6oz9_icephys.nwb,PC,PC_L23,0.9182,batch-5,15,Exc HPCAL1 PENK,0.38,traced
Mfa220428,n145,sub-Mfa220428_ses-sess-220428d1AS_obj-drur1q_icephys.nwb,PC,PC_L6,0.9179,batch-5,17,Exc HPCAL1 KANK4,1,traced
Mfa220428,n146,sub-Mfa220428_ses-sess-220428d1AS_obj-1anm4he_icephys.nwb,PC,PC_L6,0.8718,batch-5,2,Exc RORB CDK2AP1,0.32,traced
Mfa220428,n147,sub-Mfa220428_ses-sess-220428d1AS_obj-1wpsmov_icephys.nwb,PC,PC_L5,0.8743,batch-5,9,Exc RORB DEPTOR,0.43,traced
Mfa220428,n148,sub-Mfa220428_ses-sess-220428d1AS_obj-qmvstb_icephys.nwb,VEN,#N/A,#N/A,#N/A,#N/A,#N/A,#N/A,
Mfa220428,n149,sub-Mfa220428_ses-sess-220428d1AS_obj-1q8vjhq_icephys.nwb,PC,PC_L5,0.8469,batch-5,11,Exc RORB CHI3L1,0.97,traced
Mfa220407,n15,sub-Mfa220407_ses-sess-220407d1_obj-1k5l2p8_icephys.nwb,PC,PC_L5ET,0.8857,batch-5,16,Exc FEZF2 DSG2,0.42,traced
Mfa220428,n150,sub-Mfa220428_ses-sess-220428d1AS_obj-1l8p1j1_icephys.nwb,INTER,L23_INTER,0.5294,batch-5,30,Inh PVALB PVALB,0.98,traced
Mfa220428,n151,sub-Mfa220428_ses-sess-220428d1AS_obj-h7trfe_icephys.nwb,PC,PC_L5,0.8567,batch-5,14,Exc RORB NRG1,0.81,traced
Mfa220428,n152,sub-Mfa220428_ses-sess-220428d1AS_obj-r4a1xy_icephys.nwb,PC,L23_PC,0.9075,batch-5,15,Exc HPCAL1 PENK,0.96,traced
Mfa220428,n153,sub-Mfa220428_ses-sess-220428d1AS_obj-1wrbl3s_icephys.nwb,PC,PC_L5,0.8419,batch-5,16,Exc FEZF2 DSG2,0.96,
Mfa220428,n154,sub-Mfa220428_ses-sess-220428d1AS_obj-2s1j0r_icephys.nwb,VEN,VEN_Short,0.9121,batch-5,8,Exc FEZF2 COL24A1,0.43,traced
Mfa220428,n155,sub-Mfa220428_ses-sess-220428d1AS_obj-1bnf496_icephys.nwb,VEN,VEN_Short,0.888,batch-5,8,Exc FEZF2 COL24A1,0.9,traced
Mfa220428,n156,sub-Mfa220428_ses-sess-220428d1AS_obj-mr0szw_icephys.nwb,PC,#N/A,#N/A,#N/A,#N/A,#N/A,#N/A,
Mfa220428,n157,sub-Mfa220428_ses-sess-220428d1AS_obj-1t3p4x_icephys.nwb,PC,#N/A,#N/A,#N/A,#N/A,#N/A,#N/A,
Mfa220428,n158,sub-Mfa220428_ses-sess-220428d1AS_obj-nwibf7_icephys.nwb,PC,#N/A,#N/A,#N/A,#N/A,#N/A,#N/A,
Mfa220428,n159,sub-Mfa220428_ses-sess-220428d1AS_obj-1jzcp1o_icephys.nwb,PC,PC_L6,0.8782,batch-5,17,Exc HPCAL1 KANK4,1,traced
Mfa220407,n16,sub-Mfa220407_ses-sess-220407d1_obj-1qyzvme_icephys.nwb,VEN,#N/A,#N/A,#N/A,#N/A,#N/A,#N/A,
Mfa220428,n160,sub-Mfa220428_ses-sess-220428d1AS_obj-198wqr4_icephys.nwb,PC,PC_L5,0.906,batch-5,13,Exc RORB FAP,0.78,
Mfa220428,n161,sub-Mfa220428_ses-sess-220419d1HS_obj-1q8oo7i_icephys.nwb,INTER,L23_INTER,0.8429,batch-5,25,Inh VIP SHISA8,0.44,traced
Mfa220428,n162,sub-Mfa220428_ses-sess-220419d1HS_obj-16xcl6b_icephys.nwb,INTER,INTER_L5,0.8474,batch-5,24,Inh SST ANXA2,0.94,traced
Mfa220428,n163,sub-Mfa220428_ses-sess-220419d1HS_obj-1ei8qhf_icephys.nwb,INTER,L23_INTER,0.8574,batch-5,22,Inh SST MME,0.87,
Mfa220428,n165,sub-Mfa220428_ses-sess-220419d1HS_obj-138o23g_icephys.nwb,INTER,L23_INTER,0.8595,batch-5,47,Inh SNCG TPM2,0.57,traced
Mfa220428,n166,sub-Mfa220428_ses-sess-220419d1HS_obj-n717ou_icephys.nwb,INTER,L23_INTER,0.8525,batch-5,22,Inh SST MME,0.86,
Mfa220428,n167,sub-Mfa220428_ses-sess-220419d1HS_obj-1o9fijc_icephys.nwb,PC,PC_L5,0.8785,batch-5,14,Exc RORB NRG1,0.62,
Mfa220428,n168,sub-Mfa220428_ses-sess-220419d1HS_obj-1bghcy1_icephys.nwb,PC,#N/A,#N/A,#N/A,#N/A,#N/A,#N/A,
Mfa220428,n169,sub-Mfa220428_ses-sess-220419d1HS_obj-m306iv_icephys.nwb,PC,PC_L5,0.8674,batch-5,8,Exc FEZF2 COL24A1,1,traced
Mfa220407,n17,sub-Mfa220407_ses-sess-220407d1_obj-eitown_icephys.nwb,INTER,INTER_L5,#N/A,#N/A,#N/A,#N/A,#N/A,
Mfa220428,n170,sub-Mfa220428_ses-sess-220419d1HS_obj-n3sba2_icephys.nwb,INTER,L23_INTER,0.8526,batch-5,47,Inh SNCG TPM2,0.44,traced
Mfa220428,n171,sub-Mfa220428_ses-sess-220419d1HS_obj-bst3v_icephys.nwb,PC,PC_L5,0.8671,batch-5,8,Exc FEZF2 COL24A1,0.78,traced
Mfa220428,n172,sub-Mfa220428_ses-sess-220419d1HS_obj-1gxrou_icephys.nwb,PC,#N/A,#N/A,#N/A,#N/A,#N/A,#N/A,
Mfa220428,n173,sub-Mfa220428_ses-sess-220419d1HS_obj-148ush2_icephys.nwb,PC,#N/A,0.8659,batch-5,15,Exc HPCAL1 PENK,0.46,traced
Mfa220428,n174,sub-Mfa220428_ses-sess-220419d1HS_obj-yf4jmz_icephys.nwb,PC,L23_PC,0.9101,batch-5,17,Exc HPCAL1 KANK4,1,
Mfa220428,n175,sub-Mfa220428_ses-sess-220419d1HS_obj-4i5l3i_icephys.nwb,PC,PC_L6,0.8681,batch-5,8,Exc FEZF2 COL24A1,0.99,
Mfa220428,n176,sub-Mfa220428_ses-sess-220419d1HS_obj-1losq8t_icephys.nwb,VEN,PC_L5,0.8951,batch-5,8,Exc FEZF2 COL24A1,0.86,traced
Mfa220428,n177,sub-Mfa220428_ses-sess-220419d1HS_obj-1txqs0j_icephys.nwb,PC,VEN_short,0.8723,batch-5,0,Exc RORB SCN7A,0.72,
Mfa220428,n178,sub-Mfa220428_ses-sess-220419d1HS_obj-srbor1_icephys.nwb,PC,PC_L5,0.8703,batch-5,5,Exc HPCAL1 FREM3,0.35,traced
Mfa220428,n179,sub-Mfa220428_ses-sess-220419d1HS_obj-16k37y6_icephys.nwb,VEN,L23_PC,0.8948,batch-5,8,Exc FEZF2 COL24A1,0.48,traced
Mfa220407,n18,sub-Mfa220407_ses-sess-220407d1_obj-pi0a7o_icephys.nwb,PC,VEN_Short,#N/A,#N/A,#N/A,#N/A,#N/A,
Mfa220428,n180,sub-Mfa220428_ses-sess-220419d1HS_obj-ga5nzs_icephys.nwb,PC,#N/A,0.8763,batch-5,4,Exc FEZF2 SMYD1,0.52,traced
Mfa220428,n181,sub-Mfa220428_ses-sess-220428d2HS_obj-juwb4h_icephys.nwb,PC,PC_L6,0.8919,batch-5,1,Exc HPCAL1 MEPE,0.36,traced
Mfa220428,n182,sub-Mfa220428_ses-sess-220428d2HS_obj-6wisjd_icephys.nwb,PC,L23_PC,0.8782,batch-5,8,Exc FEZF2 COL24A1,0.78,traced
Mfa220428,n183,sub-Mfa220428_ses-sess-220428d2HS_obj-1sv192d_icephys.nwb,PC,PC_L5,0.5046,batch-5,18,Exc FEZF2 MCUB,0.48,
Mfa220428,n184,sub-Mfa220428_ses-sess-220428d2HS_obj-ivw1uh_icephys.nwb,VEN,PC_L5,#N/A,#N/A,#N/A,#N/A,#N/A,
Mfa220428,n185,sub-Mfa220428_ses-sess-220428d2HS_obj-1pjab0b_icephys.nwb,PC,#N/A,0.8203,batch-5,1,Exc HPCAL1 MEPE,0.32,traced
Mfa220428,n186,sub-Mfa220428_ses-sess-220428d2HS_obj-195dzfe_icephys.nwb,VEN,L23_PC,0.7976,batch-5,8,Exc FEZF2 COL24A1,0.96,
Mfa220428,n187,sub-Mfa220428_ses-sess-220428d2HS_obj-2d50y1_icephys.nwb,PC,VEN_Short,0.7201,batch-5,16,Exc FEZF2 DSG2,0.99,
Mfa220428,n188,sub-Mfa220428_ses-sess-220428d2HS_obj-6z8cma_icephys.nwb,PC,PC_L5,#N/A,#N/A,#N/A,#N/A,#N/A,
Mfa220428,n189,sub-Mfa220428_ses-sess-220428d2HS_obj-1ikf19i_icephys.nwb,INTER,#N/A,0.7959,batch-5,50,Inh PVALB NKX2-1,0.99,traced
Mfa220407,n19,sub-Mfa220407_ses-sess-220407d2_obj-1lzpzrs_icephys.nwb,PC,L6_INTER,0.8935,batch-5,6,Exc FEZF2 LTBP3,0.31,traced
Mfa220428,n190,sub-Mfa220428_ses-sess-220428d2HS_obj-10yjjg3_icephys.nwb,PC,PC_L5,0.5415,batch-5,16,Exc FEZF2 DSG2,1,traced
Mfa220428,n191,sub-Mfa220428_ses-sess-220428d2HS_obj-1okwlv2_icephys.nwb,PC,PC_L5ET,0.8268,batch-5,14,Exc RORB NRG1,0.68,
Mfa220428,n192,sub-Mfa220428_ses-sess-220428d2HS_obj-1wjy4cz_icephys.nwb,PC,PC_L5,0.8874,batch-5,15,Exc HPCAL1 PENK,0.47,traced
Mfa220428,n193,sub-Mfa220428_ses-sess-220428d2HS_obj-1qj2qgw_icephys.nwb,PC,L23_PC,0.7157,batch-5,15,Exc HPCAL1 PENK,0.41,traced
Mfa220428,n194,sub-Mfa220428_ses-sess-220428d2HS_obj-6eucky_icephys.nwb,INTER,L23_PC,#N/A,#N/A,#N/A,#N/A,#N/A,
Mfa220428,n195,sub-Mfa220428_ses-sess-220428d2HS_obj-1ak6ccj_icephys.nwb,PC,INTER_L5,#N/A,#N/A,#N/A,#N/A,#N/A,
Mfa220428,n196,sub-Mfa220428_ses-sess-220428d2HS_obj-o63t6p_icephys.nwb,PC,#N/A,0.8581,batch-5,0,Exc RORB SCN7A,0.97,traced
Mfa220428,n197,sub-Mfa220428_ses-sess-220428d2HS_obj-1hsok6g_icephys.nwb,PC,PC_L5,0.8883,batch-5,15,Exc HPCAL1 PENK,0.59,traced
Mfa220428,n198,sub-Mfa220428_ses-sess-220428d2HS_obj-1wyvoja_icephys.nwb,PC,L23_PC,0.8627,batch-5,0,Exc RORB SCN7A,0.99,traced
Mfa220428,n199,sub-Mfa220428_ses-sess-220428d2HS_obj-1dzg96h_icephys.nwb,PC,PC_L5,#N/A,#N/A,#N/A,#N/A,#N/A,
Mfa220407,n2,sub-Mfa220407_ses-sess-220407d1_obj-1p17z0x_icephys.nwb,VEN,#N/A,#N/A,#N/A,#N/A,#N/A,#N/A,
Mfa220407,n20,sub-Mfa220407_ses-sess-220407d2_obj-12wx1ld_icephys.nwb,#N/A,#N/A,0.8633,batch-5,6,Exc FEZF2 LTBP3,0.41,
Mfa220428,n200,sub-Mfa220428_ses-sess-220428d3HS_obj-1xsyehr_icephys.nwb,PC,#N/A,0.8961,batch-5,2,Exc RORB CDK2AP1,0.28,traced
Mfa220428,n201,sub-Mfa220428_ses-sess-220428d3HS_obj-1jkehf9_icephys.nwb,PC,L23_PC,0.8488,batch-5,8,Exc FEZF2 COL24A1,0.26,
Mfa220428,n202,sub-Mfa220428_ses-sess-220428d3HS_obj-1wibgvj_icephys.nwb,PC,PC_L5,0.8911,batch-5,2,Exc RORB CDK2AP1,0.87,traced
Mfa220428,n203,sub-Mfa220428_ses-sess-220428d3HS_obj-1ixgooy_icephys.nwb,PC,L23_PC,#N/A,#N/A,#N/A,#N/A,#N/A,
Mfa220428,n204,sub-Mfa220428_ses-sess-220428d3HS_obj-2tr44j_icephys.nwb,PC,#N/A,#N/A,#N/A,#N/A,#N/A,#N/A,
Mfa220428,n205,sub-Mfa220428_ses-sess-220428d3HS_obj-f34ubi_icephys.nwb,PC,#N/A,#N/A,#N/A,#N/A,#N/A,#N/A,
Mfa220428,n206,sub-Mfa220428_ses-sess-220428d3HS_obj-xjlru1_icephys.nwb,Inter,#N/A,#N/A,#N/A,#N/A,#N/A,#N/A,
Mfa220428,n207,sub-Mfa220428_ses-sess-220428d3HS_obj-1j7h29m_icephys.nwb,PC,INTER_L5,#N/A,#N/A,#N/A,#N/A,#N/A,
Mfa220428,n208,sub-Mfa220428_ses-sess-220428d3HS_obj-1iex1pq_icephys.nwb,PC,#N/A,#N/A,#N/A,#N/A,#N/A,#N/A,
Mfa220428,n209,sub-Mfa220428_ses-sess-220428d3HS_obj-f1md8l_icephys.nwb,PC,#N/A,0.8893,batch-5,18,Exc FEZF2 MCUB,0.3,traced
Mfa220407,n21,sub-Mfa220407_ses-sess-220407d2_obj-14wjgqa_icephys.nwb,VEN,PC_L5,#N/A,#N/A,#N/A,#N/A,#N/A,
Mfa220428,n210,sub-Mfa220428_ses-sess-220428d3HS_obj-1bw44g0_icephys.nwb,PC,#N/A,#N/A,#N/A,#N/A,#N/A,#N/A,
Mfa220407,n22,sub-Mfa220407_ses-sess-220407d2_obj-1xaj45l_icephys.nwb,PC,#N/A,0.8575,batch-5,15,Exc HPCAL1 PENK,0.66,traced
Mfa220407,n23,sub-Mfa220407_ses-sess-220407d2_obj-bl5mvk_icephys.nwb,PC,L23_PC,0.8942,batch-5,5,Exc HPCAL1 FREM3,0.39,traced
Mfa220407,n24,sub-Mfa220407_ses-sess-220407d2_obj-zvmgz4_icephys.nwb,VEN,L23_PC,#N/A,#N/A,#N/A,#N/A,#N/A,
Mfa220407,n25,sub-Mfa220407_ses-sess-220407d2_obj-1th8qod_icephys.nwb,PC,#N/A,0.8325,batch-5,6,Exc FEZF2 LTBP3,0.46,traced
Mfa220407,n26,sub-Mfa220407_ses-sess-220407d2_obj-16shyc6_icephys.nwb,PC,PC_L5,0.9003,batch-5,0,Exc RORB SCN7A,0.9,traced
Mfa220407,n27,sub-Mfa220407_ses-sess-220407d2_obj-qozy0l_icephys.nwb,PC,L23_PC,0.859,batch-5,3,Exc FEZF2 RSPO3,0.57,
Mfa220407,n28,sub-Mfa220407_ses-sess-220407d2_obj-1dmwelf_icephys.nwb,VEN,PC_L5,#N/A,#N/A,#N/A,#N/A,#N/A,
Mfa220407,n29,sub-Mfa220407_ses-sess-220407d2_obj-gamybh_icephys.nwb,PC,#N/A,0.4039,batch-5,16,Exc FEZF2 DSG2,0.34,
Mfa220407,n3,sub-Mfa220407_ses-sess-220407d1_obj-t7451o_icephys.nwb,PC,PC_L5,0.9077,batch-5,14,Exc RORB NRG1,0.24,
Mfa220407,n30,sub-Mfa220407_ses-sess-220407d2_obj-1eg1m63_icephys.nwb,PC,PC_L5,0.8515,batch-5,4,Exc FEZF2 SMYD1,0.98,traced
Mfa220407,n31,sub-Mfa220407_ses-sess-220407d2_obj-z11ksb_icephys.nwb,VEN,PC_L6,#N/A,#N/A,#N/A,#N/A,#N/A,
Mfa220407,n32,sub-Mfa220407_ses-sess-220407d2_obj-1plwqjc_icephys.nwb,PC,#N/A,0.8906,batch-5,6,Exc FEZF2 LTBP3,0.39,
Mfa220407,n33,sub-Mfa220407_ses-sess-220407d2_obj-n0eeh1_icephys.nwb,PC,PC_L5,0.898,batch-5,14,Exc RORB NRG1,0.67,
Mfa220407,n34,sub-Mfa220407_ses-sess-220407d2_obj-8rbjk0_icephys.nwb,PC,PC_L5,0.8907,batch-5,17,Exc HPCAL1 KANK4,0.98,traced
Mfa220407,n35,sub-Mfa220407_ses-sess-220407d2_obj-gis9ky_icephys.nwb,PC,PC_L6,0.892,batch-5,18,Exc FEZF2 MCUB,0.71,
Mfa220407,n36,sub-Mfa220407_ses-sess-220407d2_obj-l7q65b_icephys.nwb,PC,PC_L5,0.9095,batch-5,14,Exc RORB NRG1,0.38,
Mfa220407,n38,sub-Mfa220407_ses-sess-220407d2_obj-jv9gqr_icephys.nwb,#N/A,PC_L5,#N/A,#N/A,#N/A,#N/A,#N/A,
Mfa220407,n39,sub-Mfa220407_ses-sess-220407d2_obj-l4102c_icephys.nwb,INTER,#N/A,0.8407,batch-5,34,Inh PVALB COL5A2,0.78,
Mfa220407,n4,sub-Mfa220407_ses-sess-220407d1_obj-qzxia1_icephys.nwb,PC,INTER_L5,0.8845,batch-5,17,Exc HPCAL1 KANK4,1,traced
Mfa220407,n40,sub-Mfa220407_ses-sess-220407d2_obj-1te8jqd_icephys.nwb,#N/A,PC_L6,0.9071,batch-5,18,Exc FEZF2 MCUB,0.77,
Mfa220407,n41,sub-Mfa220407_ses-sess-220407d3_obj-1psouqx_icephys.nwb,PC,#N/A,0.8848,batch-5,17,Exc HPCAL1 KANK4,0.98,traced
Mfa220407,n42,sub-Mfa220407_ses-sess-220407d3_obj-k3ok8r_icephys.nwb,#N/A,PC_L6,#N/A,#N/A,#N/A,#N/A,#N/A,
Mfa220407,n43,sub-Mfa220407_ses-sess-220407d3_obj-h9w4jv_icephys.nwb,INTER,#N/A,0.8675,batch-5,52,Inh VIP SLIT1,0.74,traced
Mfa220407,n44,sub-Mfa220407_ses-sess-220407d3_obj-afj6dg_icephys.nwb,PC,INTER_L5,0.8773,batch-5,2,Exc RORB CDK2AP1,0.9,traced
Mfa220407,n45,sub-Mfa220407_ses-sess-220407d3_obj-85a1k1_icephys.nwb,#N/A,PC_L23,#N/A,#N/A,#N/A,#N/A,#N/A,
Mfa220407,n46,sub-Mfa220407_ses-sess-220407d3_obj-n6ry4z_icephys.nwb,PC,#N/A,0.8065,batch-5,16,Exc FEZF2 DSG2,0.81,traced
Mfa220407,n47,sub-Mfa220407_ses-sess-220407d3_obj-hpupxj_icephys.nwb,PC,PC_L5ET,0.5376,batch-5,16,Exc FEZF2 DSG2,0.35,traced
Mfa220407,n48,sub-Mfa220407_ses-sess-220407d3_obj-vn9flo_icephys.nwb,#N/A,PC_L5ET,#N/A,#N/A,#N/A,#N/A,#N/A,
Mfa220407,n49,sub-Mfa220407_ses-sess-220407d3_obj-k5h3w4_icephys.nwb,PC,#N/A,0.903,batch-5,18,Exc FEZF2 MCUB,0.82,
Mfa220407,n5,sub-Mfa220407_ses-sess-220407d1_obj-rbzf82_icephys.nwb,#N/A,PC_L5,0.892,batch-5,18,Exc FEZF2 MCUB,0.85,
Mfa220407,n50,sub-Mfa220407_ses-sess-220407d3_obj-1eaq8bn_icephys.nwb,PC,#N/A,0.9086,batch-5,15,Exc HPCAL1 PENK,0.44,
Mfa220407,n51,sub-Mfa220407_ses-sess-220407d3_obj-13xk34w_icephys.nwb,PC,PC_L23,0.9095,batch-5,2,Exc RORB CDK2AP1,0.4,
Mfa220407,n52,sub-Mfa220407_ses-sess-220407d3_obj-pn3h4l_icephys.nwb,#N/A,PC_L5,0.8944,batch-5,18,Exc FEZF2 MCUB,0.96,traced
Mfa220407,n53,sub-Mfa220407_ses-sess-220407d3_obj-18e4nzl_icephys.nwb,PC,#N/A,0.9181,batch-5,6,Exc FEZF2 LTBP3,0.48,traced
Mfa220407,n54,sub-Mfa220407_ses-sess-220407d3_obj-1awm1cc_icephys.nwb,PC,PC_L5,0.6826,batch-5,18,Exc FEZF2 MCUB,0.71,
Mfa220419,n55,sub-Mfa220419_ses-sess-220419d1_obj-11yuomg_icephys.nwb,#N/A,PC_L5,#N/A,#N/A,#N/A,#N/A,#N/A,
Mfa220419,n56,sub-Mfa220419_ses-sess-220419d1_obj-1pcg869_icephys.nwb,INTER,#N/A,0.9092,batch-5,44,Inh SST SLC30A3,0.82,
Mfa220407,n6,sub-Mfa220407_ses-sess-220407d1_obj-17p20tx_icephys.nwb,#N/A,INTER_L5,#N/A,#N/A,#N/A,#N/A,#N/A,
Mfa220419,n61,sub-Mfa220419_ses-sess-220419d1_obj-8bet24_icephys.nwb,#N/A,#N/A,#N/A,#N/A,#N/A,#N/A,#N/A,
Mfa220419,n62,sub-Mfa220419_ses-sess-220419d1_obj-11u5m7z_icephys.nwb,#N/A,#N/A,#N/A,#N/A,#N/A,#N/A,#N/A,
Mfa220419,n63,sub-Mfa220419_ses-sess-220419d1_obj-1jz5s8x_icephys.nwb,PC,#N/A,0.8606,batch-5,15,Exc HPCAL1 PENK,0.78,traced
Mfa220419,n64,sub-Mfa220419_ses-sess-220419d1_obj-14ttp4_icephys.nwb,PC,PC_L23,0.822,batch-5,2,Exc RORB CDK2AP1,0.98,traced
Mfa220419,n65,sub-Mfa220419_ses-sess-220419d1_obj-1peemk8_icephys.nwb,#N/A,PC_L5,0.8495,batch-5,18,Exc FEZF2 MCUB,0.63,traced
Mfa220419,n66,sub-Mfa220419_ses-sess-220419d1_obj-ywen82_icephys.nwb,PC,#N/A,0.9042,batch-5,5,Exc HPCAL1 FREM3,0.38,traced
Mfa220419,n67,sub-Mfa220419_ses-sess-220419d1_obj-1s6jkxs_icephys.nwb,PC,PC_L23,0.8833,batch-5,5,Exc HPCAL1 FREM3,0.85,traced
Mfa220419,n68,sub-Mfa220419_ses-sess-220419d1_obj-1g0ksq6_icephys.nwb,PC,PC_L23,0.8192,batch-5,0,Exc RORB SCN7A,0.97,traced
Mfa220419,n69,sub-Mfa220419_ses-sess-220419d1_obj-1spmbd8_icephys.nwb,PC,PC_L5,0.8124,batch-5,2,Exc RORB CDK2AP1,1,traced
Mfa220407,n7,sub-Mfa220407_ses-sess-220407d1_obj-e69nlv_icephys.nwb,#N/A,PC_L23,#N/A,#N/A,#N/A,#N/A,#N/A,
Mfa220419,n70,sub-Mfa220419_ses-sess-220419d1_obj-17v888x_icephys.nwb,VEN,#N/A,0.8642,batch-5,16,Exc FEZF2 DSG2,0.79,
Mfa220419,n71,sub-Mfa220419_ses-sess-220419d1_obj-1y6wqjv_icephys.nwb,VEN,#N/A,0.8431,batch-5,8,Exc FEZF2 COL24A1,1,traced
Mfa220419,n72,sub-Mfa220419_ses-sess-220419d1_obj-1w6iei8_icephys.nwb,#N/A,VEN_Short,#N/A,#N/A,#N/A,#N/A,#N/A,
Mfa220419,n73,sub-Mfa220419_ses-sess-220419d1_obj-11zagse_icephys.nwb,PC,#N/A,0.8614,batch-5,2,Exc RORB CDK2AP1,0.84,traced
Mfa220419,n74,sub-Mfa220419_ses-sess-220419d1_obj-7r2o27_icephys.nwb,INTER,PC_L23,0.8566,batch-5,36,Inh LAMP5 BMP2,0.67,traced
Mfa220419,n76,sub-Mfa220419_ses-sess-220419d1_obj-bgtsrk_icephys.nwb,INTER,L23_INTER,0.8047,batch-5,22,Inh SST MME,0.26,
Mfa220419,n77,sub-Mfa220419_ses-sess-220419d1_obj-gfwkax_icephys.nwb,PC,L23_INTER,0.8897,batch-5,15,Exc HPCAL1 PENK,0.54,traced
Mfa220419,n78,sub-Mfa220419_ses-sess-220419d1_obj-1hbnvoc_icephys.nwb,PC,PC_L23,0.8708,batch-5,5,Exc HPCAL1 FREM3,0.97,traced
Mfa220419,n79,sub-Mfa220419_ses-sess-220419d2_obj-1r66ej3_icephys.nwb,VEN,PC_L23,0.9266,batch-5,16,Exc FEZF2 DSG2,0.68,
Mfa220407,n8,sub-Mfa220407_ses-sess-220407d1_obj-aoo8wm_icephys.nwb,#N/A,#N/A,0.76,batch-5,18,Exc FEZF2 MCUB,0.78,
Mfa220419,n80,sub-Mfa220419_ses-sess-220419d2_obj-fnv2kg_icephys.nwb,INTER,#N/A,0.8416,batch-5,41,Inh SNCG S100A6,0.96,
Mfa220419,n81,sub-Mfa220419_ses-sess-220419d2_obj-1nutb6k_icephys.nwb,INTER,L23_INTER,0.8397,batch-5,36,Inh LAMP5 BMP2,0.94,
Mfa220419,n82,sub-Mfa220419_ses-sess-220419d2_obj-zk5k3c_icephys.nwb,PC,L1_INTER,0.9058,batch-5,5,Exc HPCAL1 FREM3,0.66,traced
Mfa220419,n83,sub-Mfa220419_ses-sess-220419d2_obj-1iuvpj_icephys.nwb,PC,PC_L23,0.6811,batch-5,1,Exc HPCAL1 MEPE,0.3,traced
Mfa220419,n84,sub-Mfa220419_ses-sess-220419d2_obj-4awt1d_icephys.nwb,PC,PC_L23,0.8704,batch-5,16,Exc FEZF2 DSG2,0.67,traced
Mfa220419,n85,sub-Mfa220419_ses-sess-220419d2_obj-pk9lji_icephys.nwb,PC,PC_L5ET,0.8157,batch-5,1,Exc HPCAL1 MEPE,0.71,traced
Mfa220419,n86,sub-Mfa220419_ses-sess-220419d2_obj-21hics_icephys.nwb,PC,PC_L23,0.8764,batch-5,5,Exc HPCAL1 FREM3,0.92,traced
Mfa220419,n87,sub-Mfa220419_ses-sess-220419d2_obj-12dku2l_icephys.nwb,#N/A,PC_L23,0.8258,batch-5,18,Exc FEZF2 MCUB,0.95,
Mfa220419,n88,sub-Mfa220419_ses-sess-220419d2_obj-1dgu94a_icephys.nwb,INTER,#N/A,0.865,batch-5,33,Inh SNCG IGFBP2,0.41,
Mfa220419,n89,sub-Mfa220419_ses-sess-220419d2_obj-yj9ual_icephys.nwb,INTER,INTER_L5,0.7652,batch-5,31,Inh LAMP5 BCAM,1,traced
Mfa220407,n9,sub-Mfa220407_ses-sess-220407d1_obj-1dx1fw6_icephys.nwb,#N/A,INTER_L5,#N/A,batch-5,#N/A,#N/A,#N/A,
Mfa220419,n90,sub-Mfa220419_ses-sess-220419d2_obj-101rcjf_icephys.nwb,VEN,#N/A,0.8734,batch-5,8,Exc FEZF2 COL24A1,0.63,traced
Mfa220419,n91,sub-Mfa220419_ses-sess-220419d2_obj-1ig3jrb_icephys.nwb,INTER,VEN_Short,0.8053,batch-5,41,Inh SNCG S100A6,0.47,
Mfa220419,n92,sub-Mfa220419_ses-sess-220419d2_obj-1eqdy6c_icephys.nwb,#N/A,L23_INTER,0.8213,batch-5,18,Exc FEZF2 MCUB,0.81,
Mfa220419,n93,sub-Mfa220419_ses-sess-220419d2_obj-1asx98p_icephys.nwb,#N/A,#N/A,#N/A,#N/A,#N/A,#N/A,#N/A,
Mfa220419,n94,sub-Mfa220419_ses-sess-220419d2_obj-snhkw_icephys.nwb,INTER,#N/A,0.8197,batch-5,39,Inh SNCG PDLIM5,1,traced
Mfa220419,n95,sub-Mfa220419_ses-sess-220419d2_obj-nw9c11_icephys.nwb,#N/A,L23_INTER,#N/A,#N/A,#N/A,#N/A,#N/A,
Mfa220419,n96,sub-Mfa220419_ses-sess-220419d2_obj-p1eews_icephys.nwb,INTER,#N/A,0.751,batch-5,49,Inh LAMP5 SERPINF1,0.75,traced
Mfa220419,n97,sub-Mfa220419_ses-sess-220419d2_obj-1l12wab_icephys.nwb,INTER,L23_INTER,#N/A,#N/A,#N/A,#N/A,#N/A,
Mfa220419,n98,sub-Mfa220419_ses-sess-220419d2_obj-1wzoghh_icephys.nwb,INTER,INTER_L5,#N/A,#N/A,#N/A,#N/A,#N/A,
Mfa220419,n99,sub-Mfa220419_ses-sess-220419d2_obj-1ia9csr_icephys.nwb,PC,INTER_L5,#N/A,#N/A,#N/A,#N/A,#N/A,
Mfa180730,s170,sub-Mfa180730_ses-sess-180730d1_obj-6p19hf_icephys.nwb,#N/A,#N/A,0.6521,batch-3,18,Exc FEZF2 MCUB,0.97,traced
Mfa180730,s171,sub-Mfa180730_ses-sess-180730d1_obj-qf1wo3_icephys.nwb,VEN,#N/A,#N/A,#N/A,#N/A,#N/A,#N/A,
Mfa180730,n172,sub-Mfa220428_ses-sess-220419d1HS_obj-1gxrou_icephys.nwb,#N/A,#N/A,#N/A,#N/A,#N/A,#N/A,#N/A,
Mfa180730,s173,sub-Mfa180730_ses-sess-180730d1_obj-7rehjy_icephys.nwb,VEN,VEN_Long,0.8957,batch-1,16,Exc FEZF2 DSG2,0.53,traced
Mfa180730,s174,sub-Mfa180730_ses-sess-180730d1_obj-1wt0vay_icephys.nwb,VEN,VEN_Long,0.7971,batch-1,16,Exc FEZF2 DSG2,1,traced
Mfa180730,s175,sub-Mfa180730_ses-sess-180730d1_obj-3537aj_icephys.nwb,PC,PC_L5,0.8867,batch-1,18,Exc FEZF2 MCUB,0.92,traced
Mfa180730,s176,sub-Mfa180730_ses-sess-180730d1_obj-rkvlb3_icephys.nwb,#N/A,#N/A,#N/A,#N/A,#N/A,#N/A,#N/A,
Mfa180730,s177,sub-Mfa180730_ses-sess-180730d1_obj-lgwi3u_icephys.nwb,#N/A,#N/A,0.8785,batch-1,14,Exc RORB NRG1,0.93,traced
Mfa180730,s178,sub-Mfa180730_ses-sess-180730d2_obj-17zgwwg_icephys.nwb,#N/A,#N/A,#N/A,#N/A,#N/A,#N/A,#N/A,
Mfa180730,s181,sub-Mfa180730_ses-sess-180730d2_obj-1qtop8_icephys.nwb,#N/A,#N/A,#N/A,#N/A,#N/A,#N/A,#N/A,
Mfa180730,s183,sub-Mfa180730_ses-sess-180730d2_obj-12whtcy_icephys.nwb,#N/A,#N/A,#N/A,#N/A,#N/A,#N/A,#N/A,
Mfa180730,s184,sub-Mfa180730_ses-sess-180730d2_obj-14oxgub_icephys.nwb,#N/A,#N/A,#N/A,#N/A,#N/A,#N/A,#N/A,
Mfa180730,s185,sub-Mfa180730_ses-sess-180730d2_obj-g31nd0_icephys.nwb,#N/A,#N/A,#N/A,#N/A,#N/A,#N/A,#N/A,
Mfa180730,s187,sub-Mfa180730_ses-sess-180730d2_obj-c4udn4_icephys.nwb,#N/A,#N/A,#N/A,#N/A,#N/A,#N/A,#N/A,
Mfa180730,s189,sub-Mfa180730_ses-sess-180730d2_obj-1891qms_icephys.nwb,#N/A,#N/A,#N/A,#N/A,#N/A,#N/A,#N/A,
Mfa180730,s190,sub-Mfa180730_ses-sess-180730d2_obj-11wgorm_icephys.nwb,#N/A,#N/A,#N/A,#N/A,#N/A,#N/A,#N/A,
Mfa180730,s194,sub-Mfa180730_ses-sess-180730d2_obj-fyunet_icephys.nwb,#N/A,#N/A,#N/A,#N/A,#N/A,#N/A,#N/A,
Mfa180730,s195,sub-Mfa180730_ses-sess-180730d2_obj-1rmg7pn_icephys.nwb,#N/A,#N/A,#N/A,#N/A,#N/A,#N/A,#N/A,
Mfa180730,s196,sub-Mfa180730_ses-sess-180730d2_obj-6h6vrb_icephys.nwb,#N/A,#N/A,#N/A,#N/A,#N/A,#N/A,#N/A,
Mfa180730,s197,sub-Mfa180730_ses-sess-180730d2_obj-ztu88v_icephys.nwb,#N/A,#N/A,#N/A,#N/A,#N/A,#N/A,#N/A,
Mfa180730,s199,sub-Mfa180730_ses-sess-180730d2_obj-do0yhw_icephys.nwb,#N/A,#N/A,#N/A,#N/A,#N/A,#N/A,#N/A,
Mfa180730,s200,sub-Mfa180730_ses-sess-180730d2_obj-4d17nz_icephys.nwb,#N/A,#N/A,#N/A,#N/A,#N/A,#N/A,#N/A,
Mfa180730,s202,sub-Mfa180730_ses-sess-180730d2_obj-z2anvl_icephys.nwb,#N/A,#N/A,#N/A,#N/A,#N/A,#N/A,#N/A,
Mfa180730,s203,sub-Mfa180730_ses-sess-180730d2_obj-16mv0l8_icephys.nwb,#N/A,#N/A,#N/A,#N/A,#N/A,#N/A,#N/A,
Mfa180730,s209,sub-Mfa180730_ses-sess-180730d2_obj-1nlvzmi_icephys.nwb,INTER,INTER_L5,0.8207,batch-1,24,Inh SST ANXA2,0.82,traced
Mfa180730,s210,sub-Mfa180730_ses-sess-180730d2_obj-19wyoav_icephys.nwb,PC,PC_L6,0.7865,batch-1,17,Exc HPCAL1 KANK4,1,traced
Mfa180730,s211,sub-Mfa180730_ses-sess-180730d2_obj-1jowkjm_icephys.nwb,VEN,VEN_Long,0.8871,batch-1,16,Exc FEZF2 DSG2,1,
Mfa180730,s212,sub-Mfa180730_ses-sess-180730d2_obj-8p94pk_icephys.nwb,PC,PC_L5,0.8337,batch-1,14,Exc RORB NRG1,0.91,
Mfa180730,s213,sub-Mfa180730_ses-sess-180730d2_obj-1t55ekx_icephys.nwb,#N/A,#N/A,0.8561,batch-1,14,Exc RORB NRG1,0.6,
Mfa180730,s214,sub-Mfa180730_ses-sess-180730d2_obj-1rs3t5d_icephys.nwb,#N/A,#N/A,0.7926,batch-1,14,Exc RORB NRG1,1,traced
Mfa180730,s216,sub-Mfa180730_ses-sess-180730d3_obj-1lqn8dr_icephys.nwb,#N/A,#N/A,#N/A,#N/A,#N/A,#N/A,#N/A,
Mfa180730,s217,sub-Mfa180730_ses-sess-180730d3_obj-6bg8mk_icephys.nwb,#N/A,#N/A,#N/A,#N/A,#N/A,#N/A,#N/A,
Mfa180730,s218,sub-Mfa180730_ses-sess-180730d3_obj-132shjz_icephys.nwb,PC,PC_L5,0.7735,batch-1,18,Exc FEZF2 MCUB,0.93,traced
Mfa180730,s219,sub-Mfa180730_ses-sess-180730d3_obj-ql00y9_icephys.nwb,#N/A,#N/A,0.8436,batch-1,18,Exc FEZF2 MCUB,0.7,traced
Mfa180730,s220,sub-Mfa180730_ses-sess-180730d3_obj-jad0ja_icephys.nwb,#N/A,#N/A,#N/A,#N/A,#N/A,#N/A,#N/A,
Mfa180730,s221,sub-Mfa180730_ses-sess-180730d3_obj-1nm831q_icephys.nwb,#N/A,#N/A,0.8305,batch-1,14,Exc RORB NRG1,0.99,traced
Mfa180730,s222,sub-Mfa180730_ses-sess-180730d3_obj-kqqu8n_icephys.nwb,PC,PC_L5,0.7375,batch-1,6,Exc FEZF2 LTBP3,0.57,traced
Mfa180730,s223,sub-Mfa180730_ses-sess-180730d3_obj-spqn3f_icephys.nwb,#N/A,#N/A,#N/A,#N/A,#N/A,#N/A,#N/A,
Mfa180730,s224,sub-Mfa180730_ses-sess-180730d3_obj-10qhhpm_icephys.nwb,VEN,#N/A,#N/A,#N/A,#N/A,#N/A,#N/A,
Mfa180730,s225,sub-Mfa180730_ses-sess-180730d3_obj-1nr0zjj_icephys.nwb,PC,PC_L5,0.8653,batch-1,18,Exc FEZF2 MCUB,0.66,traced
Mfa180730,s226,sub-Mfa180730_ses-sess-180730d3_obj-1djetr6_icephys.nwb,#N/A,#N/A,#N/A,#N/A,#N/A,#N/A,#N/A,
Mfa180730,s227,sub-Mfa180730_ses-sess-180730d3_obj-7mmwha_icephys.nwb,PC,PC_L23,0.8766,batch-1,14,Exc RORB NRG1,1,
Mfa180901,s416,sub-Mfa180901_ses-sess-180901d1_obj-112h4vi_icephys.nwb,#N/A,#N/A,#N/A,#N/A,#N/A,#N/A,#N/A,
Mfa180901,s418,sub-Mfa180901_ses-sess-180901d1_obj-ux8lyv_icephys.nwb,#N/A,#N/A,0.8652,batch-1,14,Exc RORB NRG1,0.96,
Mfa180901,s419,sub-Mfa180901_ses-sess-180901d1_obj-1c96d2r_icephys.nwb,PC,PC_L5,0.8928,batch-1,6,Exc FEZF2 LTBP3,0.51,
Mfa180901,s421,sub-Mfa180901_ses-sess-180901d1_obj-i6ivlp_icephys.nwb,PC,PC_L5,0.8616,batch-1,6,Exc FEZF2 LTBP3,0.52,
Mfa180901,s422,sub-Mfa180901_ses-sess-180901d1_obj-1vx9mgx_icephys.nwb,PC,PC_L23,0.8441,batch-1,5,Exc HPCAL1 FREM3,0.43,traced
Mfa180901,s423,sub-Mfa180901_ses-sess-180901d1_obj-l2kb1y_icephys.nwb,#N/A,#N/A,0.8974,batch-1,14,Exc RORB NRG1,0.64,
Mfa180901,s424,sub-Mfa180901_ses-sess-180901d1_obj-kqfwsy_icephys.nwb,#N/A,#N/A,#N/A,#N/A,#N/A,#N/A,#N/A,
Mfa180901,s425,sub-Mfa180901_ses-sess-180901d1_obj-562dbw_icephys.nwb,PC,PC_L5,0.7821,batch-1,18,Exc FEZF2 MCUB,1,
Mfa180901,s426,sub-Mfa180901_ses-sess-180901d1_obj-ae2hgv_icephys.nwb,PC,PC_L5,0.8485,batch-1,14,Exc RORB NRG1,0.86,
Mfa180901,s427,sub-Mfa180901_ses-sess-180901d1_obj-1rolbt5_icephys.nwb,VEN,VEN_Long,0.6997,batch-1,16,Exc FEZF2 DSG2,0.9,traced
Mfa180901,s428,sub-Mfa180901_ses-sess-180901d1_obj-7c7hgu_icephys.nwb,VEN,VEN_Long,0.8569,batch-1,16,Exc FEZF2 DSG2,1,
Mfa180901,s430,sub-Mfa180901_ses-sess-180901d1_obj-p756z5_icephys.nwb,PC,PC_L5,#N/A,#N/A,#N/A,#N/A,#N/A,
Mfa180901,s437,sub-Mfa180901_ses-sess-180901d1_obj-197b08g_icephys.nwb,#N/A,#N/A,#N/A,#N/A,#N/A,#N/A,#N/A,
Mfa180901,s438,sub-Mfa180901_ses-sess-180901d1_obj-k8yjv1_icephys.nwb,PC,PC_L5,0.8701,batch-3,6,Exc FEZF2 LTBP3,0.77,traced
Mfa180901,s440,sub-Mfa180901_ses-sess-180901d1_obj-1odznp5_icephys.nwb,#N/A,#N/A,#N/A,#N/A,#N/A,#N/A,#N/A,
Mfa180901,s441,sub-Mfa180901_ses-sess-180901d1_obj-rcjobr_icephys.nwb,PC,PC_L5,0.8742,batch-3,14,Exc RORB NRG1,0.27,
Mfa180901,s442,sub-Mfa180901_ses-sess-180901d1_obj-37cj99_icephys.nwb,PC,PC_L5,0.7603,batch-3,14,Exc RORB NRG1,0.72,
Mfa180901,s443,sub-Mfa180901_ses-sess-180901d1_obj-vyb99d_icephys.nwb,PC,PC_L5,0.8357,batch-1,3,Exc FEZF2 RSPO3,0.94,
Mfa180901,s444,sub-Mfa180901_ses-sess-180901d1_obj-1jx9x6q_icephys.nwb,PC,PC_L5,0.7838,batch-1,18,Exc FEZF2 MCUB,0.87,traced
Mfa180913,s446,sub-Mfa180913_ses-sess-180913d1_obj-j5e2fh_icephys.nwb,#N/A,#N/A,#N/A,#N/A,#N/A,#N/A,#N/A,
Mfa180913,s459,sub-Mfa180913_ses-sess-180913d1_obj-aqw58h_icephys.nwb,#N/A,#N/A,#N/A,#N/A,#N/A,#N/A,#N/A,
Mfa180913,s460,sub-Mfa180913_ses-sess-180913d1_obj-1dvliih_icephys.nwb,#N/A,#N/A,#N/A,#N/A,#N/A,#N/A,#N/A,
Mfa180913,s461,sub-Mfa180913_ses-sess-180913d1_obj-1hywa7g_icephys.nwb,PC,PC_L5,0.888,batch-1,18,Exc FEZF2 MCUB,0.94,
Mfa180913,s463,sub-Mfa180913_ses-sess-180913d1_obj-1hwcj6e_icephys.nwb,PC,PC_L5,0.8792,batch-1,14,Exc RORB NRG1,0.37,
Mfa180913,s464,sub-Mfa180913_ses-sess-180913d1_obj-11ivo6t_icephys.nwb,#N/A,#N/A,0.8207,batch-1,6,Exc FEZF2 LTBP3,0.69,
Mfa180913,s465,sub-Mfa180913_ses-sess-180913d1_obj-1gqcq3e_icephys.nwb,PC,PC_L5,0.758,batch-1,18,Exc FEZF2 MCUB,0.57,
Mfa180913,s466,sub-Mfa180913_ses-sess-180913d1_obj-qvis0p_icephys.nwb,VEN,VEN_Short,0.5675,batch-3,8,Exc FEZF2 COL24A1,0.47,traced
Mfa180913,s467,sub-Mfa180913_ses-sess-180913d1_obj-1okkqi6_icephys.nwb,#N/A,#N/A,0.8127,batch-1,14,Exc RORB NRG1,0.66,traced
Mfa180913,s468,sub-Mfa180913_ses-sess-180913d1_obj-raqvd4_icephys.nwb,PC,PC_L5,0.837,batch-1,6,Exc FEZF2 LTBP3,0.92,
Mfa180913,s469,sub-Mfa180913_ses-sess-180913d1_obj-pe6xdp_icephys.nwb,#N/A,#N/A,#N/A,#N/A,#N/A,#N/A,#N/A,
Mfa180913,s470,sub-Mfa180913_ses-sess-180913d1_obj-1rn5tma_icephys.nwb,PC,PC_L5,0.8277,batch-1,14,Exc RORB NRG1,0.33,
Mfa180913,s471,sub-Mfa180913_ses-sess-180913d1_obj-udccen_icephys.nwb,VEN,VEN_Short,0.8049,batch-1,8,Exc FEZF2 COL24A1,1,traced
Mfa180913,s472,sub-Mfa180913_ses-sess-180913d1_obj-1b72ast_icephys.nwb,PC,PC_L5,0.6277,batch-1,6,Exc FEZF2 LTBP3,0.51,
Mfa180913,s473,sub-Mfa180913_ses-sess-180913d1_obj-18e0zag_icephys.nwb,PC,PC_L5,0.8835,batch-1,14,Exc RORB NRG1,0.73,
Mfa180913,s474,sub-Mfa180913_ses-sess-180913d1_obj-3uol6c_icephys.nwb,VEN,#N/A,#N/A,#N/A,#N/A,#N/A,#N/A,
Mfa180913,s475,sub-Mfa180913_ses-sess-180913d1_obj-p5znlx_icephys.nwb,VEN,VEN_Long,0.88,batch-3,16,Exc FEZF2 DSG2,0.5,traced
Mfa180913,s476,sub-Mfa180913_ses-sess-180913d1_obj-bq0ci6_icephys.nwb,VEN,VEN_Long,0.9206,batch-1,16,Exc FEZF2 DSG2,0.68,traced
Mfa180913,s481,sub-Mfa180913_ses-sess-180913d1_obj-mvzcsu_icephys.nwb,PC,PC_L5,0.8581,batch-1,3,Exc FEZF2 RSPO3,0.35,traced
Mfa180913,s482,sub-Mfa180913_ses-sess-180913d1_obj-woqswt_icephys.nwb,#N/A,#N/A,#N/A,#N/A,#N/A,#N/A,#N/A,
Mfa180913,s483,sub-Mfa180913_ses-sess-180913d1_obj-x53cdl_icephys.nwb,VEN,#N/A,#N/A,#N/A,#N/A,#N/A,#N/A,
Mfa180913,s484,sub-Mfa180913_ses-sess-180913d1_obj-uirga8_icephys.nwb,PC,PC_L5,0.9185,batch-1,14,Exc RORB NRG1,0.4,
Mfa180913,s485,sub-Mfa180913_ses-sess-180913d1_obj-ffckjh_icephys.nwb,PC,PC_L5ET,0.9195,batch-1,16,Exc FEZF2 DSG2,0.5,traced
Mfa180913,s486,sub-Mfa180913_ses-sess-180913d1_obj-unf011_icephys.nwb,PC,PC_L5ET,0.7224,batch-1,16,Exc FEZF2 DSG2,0.39,traced
Mfa180920,s488,sub-Mfa180920_ses-sess-180920d1_obj-zr739a_icephys.nwb,#N/A,#N/A,#N/A,#N/A,#N/A,#N/A,#N/A,
Mfa180920,s489,sub-Mfa180920_ses-sess-180920d1_obj-1tsoaa2_icephys.nwb,#N/A,#N/A,#N/A,#N/A,#N/A,#N/A,#N/A,
Mfa180920,s490,sub-Mfa180920_ses-sess-180920d1_obj-1ebhpwe_icephys.nwb,#N/A,#N/A,#N/A,#N/A,#N/A,#N/A,#N/A,
Mfa180920,s493,sub-Mfa180920_ses-sess-180920d1_obj-tq3waf_icephys.nwb,PC,PC_L5,0.8527,batch-1,14,Exc RORB NRG1,0.45,
Mfa180920,s495,sub-Mfa180920_ses-sess-180920d1_obj-qigh1a_icephys.nwb,VEN,VEN_Short,0.8451,batch-1,8,Exc FEZF2 COL24A1,0.46,traced
Mfa180920,s496,sub-Mfa180920_ses-sess-180920d1_obj-1i6co0b_icephys.nwb,PC,PC_L6,0.8377,batch-1,4,Exc FEZF2 SMYD1,1,traced
Mfa180920,s497,sub-Mfa180920_ses-sess-180920d1_obj-ckdi6i_icephys.nwb,PC,PC_L6,0.7789,batch-1,17,Exc HPCAL1 KANK4,1,traced
Mfa180920,s498,sub-Mfa180920_ses-sess-180920d1_obj-1rd9wwx_icephys.nwb,#N/A,#N/A,0.8845,batch-1,5,Exc HPCAL1 FREM3,0.98,traced
Mfa180920,s499,sub-Mfa180920_ses-sess-180920d1_obj-1pfnij9_icephys.nwb,PC,PC_L5,0.6778,batch-1,14,Exc RORB NRG1,0.36,
Mfa180920,s500,sub-Mfa180920_ses-sess-180920d1_obj-t2b26e_icephys.nwb,#N/A,#N/A,0.7911,batch-1,14,Exc RORB NRG1,0.46,
Mfa180920,s501,sub-Mfa180920_ses-sess-180920d1_obj-w2v8eq_icephys.nwb,PC,PC_L5,0.6315,batch-1,14,Exc RORB NRG1,0.94,
Mfa180920,s502,sub-Mfa180920_ses-sess-180920d2_obj-rk1ck1_icephys.nwb,VEN,VEN_Long,#N/A,batch-1,#N/A,#N/A,#N/A,
Mfa180920,s504,sub-Mfa180920_ses-sess-180920d2_obj-18lm16p_icephys.nwb,#N/A,#N/A,#N/A,batch-1,#N/A,#N/A,#N/A,
Mfa180920,s505,sub-Mfa180920_ses-sess-180920d2_obj-bd71xp_icephys.nwb,INTER,INTER_L5,0.6273,batch-1,52,Inh VIP SLIT1,0.99,traced
Mfa180920,s506,sub-Mfa180920_ses-sess-180920d2_obj-n97a6l_icephys.nwb,PC,PC_L5,0.7029,batch-1,18,Exc FEZF2 MCUB,0.96,traced
Mfa180920,s508,sub-Mfa180920_ses-sess-180920d2_obj-dxse6q_icephys.nwb,PC,PC_L5,0.5703,batch-1,14,Exc RORB NRG1,0.54,
Mfa180920,s509,sub-Mfa180920_ses-sess-180920d2_obj-1f2r8cf_icephys.nwb,#N/A,#N/A,0.667,batch-1,6,Exc FEZF2 LTBP3,0.61,
Mfa180920,s510,sub-Mfa180920_ses-sess-180920d2_obj-1dbc63v_icephys.nwb,#N/A,#N/A,#N/A,batch-3,#N/A,#N/A,#N/A,
Mfa180920,s511,sub-Mfa180920_ses-sess-180920d2_obj-hwkea5_icephys.nwb,#N/A,#N/A,#N/A,batch-3,#N/A,#N/A,#N/A,
Mfa180920,s513,sub-Mfa180920_ses-sess-180920d2_obj-auwx0b_icephys.nwb,#N/A,#N/A,#N/A,#N/A,#N/A,#N/A,#N/A,
Mfa180920,s515,sub-Mfa180920_ses-sess-180920d2_obj-y0hb00_icephys.nwb,PC,PC_L5,0.8671,batch-1,6,Exc FEZF2 LTBP3,0.8,
Mfa180920,s516,sub-Mfa180920_ses-sess-180920d2_obj-1hxz99g_icephys.nwb,PC,PC_L5,0.8501,batch-1,9,Exc RORB DEPTOR,0.71,traced
Mfa180920,s517,sub-Mfa180920_ses-sess-180920d2_obj-bxw869_icephys.nwb,#N/A,#N/A,#N/A,#N/A,#N/A,#N/A,#N/A,
Mfa180920,s518,sub-Mfa180920_ses-sess-180920d2_obj-z5xioa_icephys.nwb,#N/A,#N/A,#N/A,#N/A,#N/A,#N/A,#N/A,
Mfa180920,s519,sub-Mfa180920_ses-sess-180920d2_obj-15imp4f_icephys.nwb,#N/A,#N/A,#N/A,#N/A,#N/A,#N/A,#N/A,
Mfa180920,s520,sub-Mfa180920_ses-sess-180920d2_obj-ap4eb6_icephys.nwb,#N/A,#N/A,#N/A,#N/A,#N/A,#N/A,#N/A,
Mfa180920,s521,sub-Mfa180920_ses-sess-180920d2_obj-ays5qh_icephys.nwb,#N/A,#N/A,#N/A,#N/A,#N/A,#N/A,#N/A,
Mfa180920,s532,sub-Mfa180920_ses-sess-180920d2_obj-1cimjer_icephys.nwb,PC,PC_L6,0.8425,batch-1,4,Exc FEZF2 SMYD1,1,traced
Mfa180920,s533,sub-Mfa180920_ses-sess-180920d2_obj-1qwy2rf_icephys.nwb,PC,PC_L5,0.8633,batch-1,11,Exc RORB CHI3L1,0.98,traced
Mfa180920,s534,sub-Mfa180920_ses-sess-180920d2_obj-1s1lepb_icephys.nwb,PC,PC_L5,0.8378,batch-1,14,Exc RORB NRG1,0.78,traced
Mfa180920,s535,sub-Mfa180920_ses-sess-180920d2_obj-jzx0db_icephys.nwb,PC,PC_L5,0.8187,batch-1,2,Exc RORB CDK2AP1,0.35,traced
Mfa180920,s536,sub-Mfa180920_ses-sess-180920d2_obj-1m9nfqz_icephys.nwb,PC,PC_L5,0.7681,batch-1,3,Exc FEZF2 RSPO3,0.55,traced
Mfa180920,s538,sub-Mfa180920_ses-sess-180920d2_obj-y0p9dc_icephys.nwb,VEN,VEN_Short,0.6219,batch-1,8,Exc FEZF2 COL24A1,0.5,traced
Mfa180920,s539,sub-Mfa180920_ses-sess-180920d2_obj-1u833z8_icephys.nwb,PC,PC_L23,0.7665,batch-1,5,Exc HPCAL1 FREM3,0.99,traced
Mfa180920,s541,sub-Mfa180920_ses-sess-180920d3_obj-1qdwyhr_icephys.nwb,#N/A,#N/A,#N/A,#N/A,#N/A,#N/A,#N/A,
Mfa180920,s543,sub-Mfa180920_ses-sess-180920d3_obj-kcq5mh_icephys.nwb,PC,PC_L5,0.8674,batch-1,6,Exc FEZF2 LTBP3,0.34,traced
Mfa180920,s544,sub-Mfa180920_ses-sess-180920d3_obj-rzfnxu_icephys.nwb,PC,PC_L23,0.8793,batch-1,5,Exc HPCAL1 FREM3,0.98,traced
Mfa180920,s546,sub-Mfa180920_ses-sess-180920d3_obj-1yii965_icephys.nwb,#N/A,#N/A,0.8695,batch-1,5,Exc HPCAL1 FREM3,0.93,traced
Mfa180920,s547,sub-Mfa180920_ses-sess-180920d3_obj-9h2ov1_icephys.nwb,#N/A,#N/A,0.8475,batch-1,2,Exc RORB CDK2AP1,0.41,
Mfa180920,s548,sub-Mfa180920_ses-sess-180920d3_obj-1w5cm0i_icephys.nwb,#N/A,#N/A,0.8386,batch-1,18,Exc FEZF2 MCUB,0.81,
Mfa180920,s549,sub-Mfa180920_ses-sess-180920d3_obj-31scy7_icephys.nwb,PC,PC_L5,0.8177,batch-3,11,Exc RORB CHI3L1,0.63,traced
Mfa180920,s550,sub-Mfa180920_ses-sess-180920d3_obj-vh6u0i_icephys.nwb,#N/A,#N/A,#N/A,batch-3,#N/A,#N/A,#N/A,
Mfa180920,s551,sub-Mfa180920_ses-sess-180920d3_obj-1nk1v60_icephys.nwb,PC,PC_L5,0.7564,batch-1,18,Exc FEZF2 MCUB,1,traced
Mfa180920,s553,sub-Mfa180920_ses-sess-180920d3_obj-hv8v7_icephys.nwb,PC,PC_L5,0.7851,batch-1,6,Exc FEZF2 LTBP3,0.65,
Mfa180920,s554,sub-Mfa180920_ses-sess-180920d3_obj-cejn5e_icephys.nwb,#N/A,#N/A,0.6828,batch-1,5,Exc HPCAL1 FREM3,0.6,traced
Mfa181204,s619,sub-Mfa181204_ses-sess-181204d1_obj-16j004o_icephys.nwb,#N/A,#N/A,#N/A,#N/A,#N/A,#N/A,#N/A,
Mfa181204,s620,sub-Mfa181204_ses-sess-181204d1_obj-1l545pj_icephys.nwb,#N/A,#N/A,0.4497,batch-2,0,Exc RORB SCN7A,0.41,traced
Mfa181204,s621,sub-Mfa181204_ses-sess-181204d1_obj-uo1f5h_icephys.nwb,#N/A,#N/A,0.8661,batch-2,14,Exc RORB NRG1,0.91,
Mfa181204,s622,sub-Mfa181204_ses-sess-181204d1_obj-7dlsx2_icephys.nwb,PC,PC_L5,0.752,batch-2,14,Exc RORB NRG1,0.84,
Mfa181204,s623,sub-Mfa181204_ses-sess-181204d1_obj-pm1x84_icephys.nwb,PC,PC_L5,0.7747,batch-2,18,Exc FEZF2 MCUB,0.99,traced
Mfa181204,s624,sub-Mfa181204_ses-sess-181204d1_obj-g48hfo_icephys.nwb,PC,PC_L5,0.8145,batch-2,14,Exc RORB NRG1,0.63,
Mfa181204,s625,sub-Mfa181204_ses-sess-181204d1_obj-6e6521_icephys.nwb,PC,#N/A,#N/A,#N/A,#N/A,#N/A,#N/A,
Mfa181204,s626,sub-Mfa181204_ses-sess-181204d1_obj-1qk7dp_icephys.nwb,#N/A,#N/A,#N/A,batch-2,#N/A,#N/A,#N/A,
Mfa181204,s627,sub-Mfa181204_ses-sess-181204d1_obj-mzobgz_icephys.nwb,VEN,#N/A,#N/A,batch-2,#N/A,#N/A,#N/A,
Mfa181204,s628,sub-Mfa181204_ses-sess-181204d1_obj-1nq6sa7_icephys.nwb,#N/A,#N/A,0.4911,batch-2,18,Exc FEZF2 MCUB,0.88,traced
Mfa181204,s629,sub-Mfa181204_ses-sess-181204d1_obj-1xqvtqz_icephys.nwb,PC,PC_L5,0.8049,batch-2,14,Exc RORB NRG1,0.68,traced
Mfa181204,s630,sub-Mfa181204_ses-sess-181204d1_obj-u6klxi_icephys.nwb,PC,PC_L5,0.8468,batch-2,14,Exc RORB NRG1,0.6,
Mfa181204,s631,sub-Mfa181204_ses-sess-181204d1_obj-tvxpka_icephys.nwb,PC,PC_L5,0.8069,batch-2,14,Exc RORB NRG1,0.59,traced
Mfa181204,s632,sub-Mfa181204_ses-sess-181204d1_obj-yzqyr4_icephys.nwb,#N/A,#N/A,#N/A,batch-2,#N/A,#N/A,#N/A,
Mfa181204,s634,sub-Mfa181204_ses-sess-181204d1_obj-14c3gta_icephys.nwb,VEN,#N/A,#N/A,#N/A,#N/A,#N/A,#N/A,
Mfa181204,s635,sub-Mfa181204_ses-sess-181204d1_obj-t2ivor_icephys.nwb,VEN,#N/A,#N/A,#N/A,#N/A,#N/A,#N/A,
Mfa181204,s637,sub-Mfa181204_ses-sess-181204d1_obj-1gskv6k_icephys.nwb,PC,#N/A,#N/A,batch-2,#N/A,#N/A,#N/A,
Mfa181204,s638,sub-Mfa181204_ses-sess-181204d1_obj-1hoxj7u_icephys.nwb,PC,PC_5,#N/A,#N/A,#N/A,#N/A,#N/A,
Mfa181204,s640,sub-Mfa181204_ses-sess-181204d1_obj-7p0ibf_icephys.nwb,VEN,#N/A,#N/A,#N/A,#N/A,#N/A,#N/A,
Mfa181204,s641,sub-Mfa181204_ses-sess-181204d1_obj-74upp8_icephys.nwb,PC,PC_5,#N/A,#N/A,#N/A,#N/A,#N/A,
Mfa181204,s643,sub-Mfa181204_ses-sess-181204d1_obj-12z7qfo_icephys.nwb,#N/A,#N/A,#N/A,#N/A,#N/A,#N/A,#N/A,
Mfa181204,s644,sub-Mfa181204_ses-sess-181204d1_obj-17q6zqr_icephys.nwb,#N/A,#N/A,#N/A,batch-2,#N/A,#N/A,#N/A,
Mfa181204,s645,sub-Mfa181204_ses-sess-181204d1_obj-1v1pnj6_icephys.nwb,VEN,#N/A,#N/A,#N/A,#N/A,#N/A,#N/A,
Mfa181204,s646,sub-Mfa181204_ses-sess-181204d1_obj-1ii4oq0_icephys.nwb,VEN,#N/A,#N/A,#N/A,#N/A,#N/A,#N/A,
Mfa181204,s647,sub-Mfa181204_ses-sess-180920d2_obj-3n4qf2_icephys.nwb,VEN,VEN_Long,0.8376,batch-2,16,Exc FEZF2 DSG2,0.79,traced
Mfa181204,s648,sub-Mfa181204_ses-sess-180920d2_obj-5n7exm_icephys.nwb,#N/A,#N/A,#N/A,batch-2,#N/A,#N/A,#N/A,
Mfa181204,s649,sub-Mfa181204_ses-sess-180920d2_obj-2gbve3_icephys.nwb,VEN,VEN_Long,0.8574,batch-2,16,Exc FEZF2 DSG2,1,traced
Mfa181204,s651,sub-Mfa181204_ses-sess-180920d2_obj-1xx4fpg_icephys.nwb,PC,#N/A,#N/A,#N/A,#N/A,#N/A,#N/A,
Mfa181204,s652,sub-Mfa181204_ses-sess-180920d2_obj-1v456ln_icephys.nwb,VEN,#N/A,#N/A,#N/A,#N/A,#N/A,#N/A,
Mfa181204,s653,sub-Mfa181204_ses-sess-180920d2_obj-51ja2p_icephys.nwb,PC,#N/A,#N/A,#N/A,#N/A,#N/A,#N/A,
Mfa181204,s654,sub-Mfa181204_ses-sess-180920d2_obj-duugz1_icephys.nwb,#N/A,#N/A,#N/A,batch-2,#N/A,#N/A,#N/A,
Mfa181204,s655,sub-Mfa181204_ses-sess-180920d2_obj-icd723_icephys.nwb,PC,PC_L5,0.8457,batch-2,3,Exc FEZF2 RSPO3,0.93,traced
Mfa181204,s657,sub-Mfa181204_ses-sess-180920d2_obj-19x697e_icephys.nwb,PC,PC_L5,0.4451,batch-2,18,Exc FEZF2 MCUB,0.89,traced
Mfa181204,s658,sub-Mfa181204_ses-sess-180920d2_obj-1fuo43t_icephys.nwb,PC,#N/A,#N/A,#N/A,#N/A,#N/A,#N/A,
Mfa181204,s659,sub-Mfa181204_ses-sess-180920d2_obj-1ehwrgu_icephys.nwb,PC,#N/A,#N/A,#N/A,#N/A,#N/A,#N/A,
Mfa181204,s660,sub-Mfa181204_ses-sess-180920d2_obj-80nml9_icephys.nwb,PC,#N/A,#N/A,#N/A,#N/A,#N/A,#N/A,
Mfa181204,s661,sub-Mfa181204_ses-sess-180920d2_obj-1gsd4yf_icephys.nwb,PC,PC_L5,0.7762,batch-3,14,Exc RORB NRG1,0.41,
Mfa181204,s664,sub-Mfa181204_ses-sess-180920d2_obj-nak57k_icephys.nwb,PC,#N/A,#N/A,#N/A,#N/A,#N/A,#N/A,
Mfa181204,s665,sub-Mfa181204_ses-sess-180920d2_obj-1wlfppi_icephys.nwb,VEN,#N/A,#N/A,#N/A,#N/A,#N/A,#N/A,
Mfa181204,s666,sub-Mfa181204_ses-sess-181204d3_obj-1prn1fl_icephys.nwb,PC,PC_L5,0.8604,batch-2,14,Exc RORB NRG1,0.6,
Mfa181204,s667,sub-Mfa181204_ses-sess-181204d3_obj-97fzku_icephys.nwb,VEN,VEN_Long,#N/A,#N/A,#N/A,#N/A,#N/A,
Mfa181204,s669,sub-Mfa181204_ses-sess-181204d3_obj-176mmfc_icephys.nwb,#N/A,#N/A,#N/A,batch-3,#N/A,#N/A,#N/A,
Mfa181204,s671,sub-Mfa181204_ses-sess-181204d3_obj-9hax6z_icephys.nwb,INTER,INTER_L5,0.8261,batch-2,51,Inh SST CHODL,1,traced
Mfa181204,s672,sub-Mfa181204_ses-sess-181204d3_obj-838mvb_icephys.nwb,PC,PC_L5,0.8474,batch-2,6,Exc FEZF2 LTBP3,0.72,
Mfa181204,s673,sub-Mfa181204_ses-sess-181204d3_obj-1jkh95r_icephys.nwb,VEN,VEN_Long,0.4305,batch-3,16,Exc FEZF2 DSG2,1,traced
Mfa181204,s674,sub-Mfa181204_ses-sess-181204d3_obj-178kzxo_icephys.nwb,PC,PC_5,#N/A,#N/A,#N/A,#N/A,#N/A,
Mfa181204,s676,sub-Mfa181204_ses-sess-181204d3_obj-1iru70o_icephys.nwb,#N/A,#N/A,#N/A,batch-3,#N/A,#N/A,#N/A,
Mfa181204,s677,sub-Mfa181204_ses-sess-181204d3_obj-ivxf7u_icephys.nwb,VEN,#N/A,#N/A,#N/A,#N/A,#N/A,#N/A,
Mfa181204,s678,sub-Mfa181204_ses-sess-181204d3_obj-i93e71_icephys.nwb,VEN,VEN_Long,#N/A,#N/A,#N/A,#N/A,#N/A,
Mfa181204,s680,sub-Mfa181204_ses-sess-181204d3_obj-siom4q_icephys.nwb,PC,PC_L5,0.485,batch-3,18,Exc FEZF2 MCUB,0.95,traced
Mfa181204,s681,sub-Mfa181204_ses-sess-181204d3_obj-u72bxm_icephys.nwb,PC,PC_L5,0.8623,batch-2,18,Exc FEZF2 MCUB,0.85,
Mfa181204,s682,sub-Mfa181204_ses-sess-181204d3_obj-tqz3z7_icephys.nwb,PC,PC_5,#N/A,#N/A,#N/A,#N/A,#N/A,
Mfa181204,s683,sub-Mfa181204_ses-sess-181204d3_obj-u0e4i0_icephys.nwb,PC,PC_5,#N/A,#N/A,#N/A,#N/A,#N/A,
Mfa181204,s684,sub-Mfa181204_ses-sess-181204d3_obj-1uisyj6_icephys.nwb,#N/A,#N/A,#N/A,#N/A,#N/A,#N/A,#N/A,
Mfa181204,s685,sub-Mfa181204_ses-sess-181204d3_obj-1gprr3z_icephys.nwb,VEN,VEN_Long,#N/A,batch-2,#N/A,#N/A,#N/A,
Mfa181204,s687,sub-Mfa181204_ses-sess-181204d3_obj-1w669nl_icephys.nwb,VEN,#N/A,#N/A,#N/A,#N/A,#N/A,#N/A,
Mfa181204,s688,sub-Mfa181204_ses-sess-181204d3_obj-139me72_icephys.nwb,VEN,#N/A,#N/A,#N/A,#N/A,#N/A,#N/A,
Mfa181208,s690,sub-Mfa181208_ses-sess-181208d1_obj-1llrps_icephys.nwb,PC,PC_L5,0.8443,batch-2,18,Exc FEZF2 MCUB,0.4,traced
Mfa181208,s691,sub-Mfa181208_ses-sess-181208d1_obj-oycb8w_icephys.nwb,#N/A,#N/A,0.6376,batch-2,6,Exc FEZF2 LTBP3,0.49,
Mfa181208,s692,sub-Mfa181208_ses-sess-181208d1_obj-ffe7vb_icephys.nwb,PC,PC_L5,0.8283,batch-2,6,Exc FEZF2 LTBP3,0.73,
Mfa181208,s693,sub-Mfa181208_ses-sess-181208d1_obj-1o3nc96_icephys.nwb,VEN,#N/A,#N/A,#N/A,#N/A,#N/A,#N/A,
Mfa181208,s694,sub-Mfa181208_ses-sess-181208d1_obj-1twbu2o_icephys.nwb,PC,#N/A,#N/A,batch-2,#N/A,#N/A,#N/A,
Mfa181208,s695,sub-Mfa181208_ses-sess-181208d1_obj-1yze11x_icephys.nwb,VEN,VEN_Short,0.6332,batch-2,8,Exc FEZF2 COL24A1,1,
Mfa181208,s696,sub-Mfa181208_ses-sess-181208d1_obj-1fwtxrx_icephys.nwb,PC,PC_L5,0.693,batch-2,6,Exc FEZF2 LTBP3,0.64,traced
Mfa181208,s697,sub-Mfa181208_ses-sess-181208d1_obj-1qvci4_icephys.nwb,#N/A,#N/A,#N/A,batch-3,#N/A,#N/A,#N/A,
Mfa181208,s698,sub-Mfa181208_ses-sess-181208d1_obj-126buwk_icephys.nwb,INTER,INTER_L5,0.6918,batch-2,44,Inh SST SLC30A3,0.82,
Mfa181208,s699,sub-Mfa181208_ses-sess-181208d1_obj-v7b0ep_icephys.nwb,#N/A,#N/A,#N/A,batch-3,#N/A,#N/A,#N/A,
Mfa181208,s700,sub-Mfa181208_ses-sess-181208d1_obj-qpjaxa_icephys.nwb,PC,PC_L5,0.5638,batch-2,6,Exc FEZF2 LTBP3,0.81,
Mfa181208,s701,sub-Mfa181208_ses-sess-181208d1_obj-lim1je_icephys.nwb,PC,PC_5,#N/A,#N/A,#N/A,#N/A,#N/A,
Mfa181208,s702,sub-Mfa181208_ses-sess-181208d2_obj-96s1te_icephys.nwb,#N/A,#N/A,0.6226,batch-2,14,Exc RORB NRG1,1,
Mfa181208,s703,sub-Mfa181208_ses-sess-181208d2_obj-1mayr2r_icephys.nwb,#N/A,#N/A,0.4562,batch-2,14,Exc RORB NRG1,1,
Mfa181208,s704,sub-Mfa181208_ses-sess-181208d2_obj-1ijugjs_icephys.nwb,#N/A,#N/A,#N/A,batch-3,#N/A,#N/A,#N/A,
Mfa181208,s706,sub-Mfa181208_ses-sess-181208d2_obj-1dtid8w_icephys.nwb,#N/A,#N/A,0.6056,batch-2,6,Exc FEZF2 LTBP3,0.58,
Mfa181208,s707,sub-Mfa181208_ses-sess-181208d2_obj-1odz378_icephys.nwb,#N/A,#N/A,#N/A,batch-2,#N/A,#N/A,#N/A,
Mfa181208,s709,sub-Mfa181208_ses-sess-181208d2_obj-4z3ucm_icephys.nwb,VEN,VEN_Long,#N/A,#N/A,#N/A,#N/A,#N/A,
Mfa181208,s710,sub-Mfa181208_ses-sess-181208d2_obj-hbz6ni_icephys.nwb,#N/A,#N/A,#N/A,batch-3,#N/A,#N/A,#N/A,
Mfa181208,s711,sub-Mfa181208_ses-sess-181208d2_obj-1ssd184_icephys.nwb,PC,PC_5,#N/A,#N/A,#N/A,#N/A,#N/A,
Mfa181208,s712,sub-Mfa181208_ses-sess-181208d2_obj-145qnnd_icephys.nwb,PC,PC_L6,0.5812,batch-2,4,Exc FEZF2 SMYD1,0.73,traced
Mfa181208,s714,sub-Mfa181208_ses-sess-181208d2_obj-dl6ojw_icephys.nwb,VEN,VEN_Short,#N/A,#N/A,#N/A,#N/A,#N/A,
Mfa181208,s715,sub-Mfa181208_ses-sess-181208d2_obj-1k3pxd4_icephys.nwb,INTER,INTER_L5,#N/A,#N/A,#N/A,#N/A,#N/A,
Mfa181208,s717,sub-Mfa181208_ses-sess-181208d2_obj-pty9n2_icephys.nwb,VEN,VEN_Short,0.8323,batch-2,8,Exc FEZF2 COL24A1,1,
Mfa181208,s718,sub-Mfa181208_ses-sess-181208d2_obj-1pfgbq2_icephys.nwb,VEN,VEN_Long,#N/A,#N/A,#N/A,#N/A,#N/A,
Mfa181208,s719,sub-Mfa181208_ses-sess-181208d2_obj-1ep8e20_icephys.nwb,#N/A,#N/A,0.7647,batch-2,18,Exc FEZF2 MCUB,0.85,traced
Mfa181208,s720,sub-Mfa181208_ses-sess-181208d2_obj-1wu40kb_icephys.nwb,PC,PC_L5,0.772,batch-2,6,Exc FEZF2 LTBP3,0.68,traced
Mfa181208,s721,sub-Mfa181208_ses-sess-181208d2_obj-mi1zmd_icephys.nwb,#N/A,#N/A,#N/A,batch-3,#N/A,#N/A,#N/A,
Mfa181208,s722,sub-Mfa181208_ses-sess-181208d2_obj-p0v4l0_icephys.nwb,PC,PC_L5,0.5333,batch-2,18,Exc FEZF2 MCUB,0.91,traced
Mfa181208,s723,sub-Mfa181208_ses-sess-181208d2_obj-1srovjh_icephys.nwb,PC,PC_L5,0.8288,batch-2,6,Exc FEZF2 LTBP3,1,
Mfa181208,s724,sub-Mfa181208_ses-sess-181208d2_obj-ztwfhq_icephys.nwb,#N/A,#N/A,#N/A,batch-2,#N/A,#N/A,#N/A,
Mfa181208,s725,sub-Mfa181208_ses-sess-181208d2_obj-aqlise_icephys.nwb,PC,PC_L5,0.8231,batch-2,18,Exc FEZF2 MCUB,0.76,traced
Mfa181208,s726,sub-Mfa181208_ses-sess-181208d2_obj-1a5qhip_icephys.nwb,PC,PC_L5,0.417,batch-2,6,Exc FEZF2 LTBP3,0.52,
Mfa181208,s727,sub-Mfa181208_ses-sess-181208d2_obj-1p9tsy_icephys.nwb,PC,PC_L5,0.8577,batch-2,6,Exc FEZF2 LTBP3,0.83,traced
Mfa181208,s728,sub-Mfa181208_ses-sess-181208d3_obj-n2l5z6_icephys.nwb,#N/A,#N/A,#N/A,batch-2,#N/A,#N/A,#N/A,
Mfa181208,s729,sub-Mfa181208_ses-sess-181208d3_obj-xn8ke6_icephys.nwb,#N/A,#N/A,#N/A,batch-2,#N/A,#N/A,#N/A,
Mfa181208,s730,sub-Mfa181208_ses-sess-181208d3_obj-skpwlg_icephys.nwb,#N/A,#N/A,#N/A,batch-2,#N/A,#N/A,#N/A,
Mfa181208,s731,sub-Mfa181208_ses-sess-181208d3_obj-1ruzx22_icephys.nwb,#N/A,#N/A,#N/A,batch-2,#N/A,#N/A,#N/A,
Mfa181208,s732,sub-Mfa181208_ses-sess-181208d3_obj-86p46k_icephys.nwb,#N/A,#N/A,0.8537,batch-2,6,Exc FEZF2 LTBP3,0.74,traced
Mfa181208,s733,sub-Mfa181208_ses-sess-181208d3_obj-46kggu_icephys.nwb,#N/A,#N/A,#N/A,batch-2,#N/A,#N/A,#N/A,
Mfa181208,s734,sub-Mfa181208_ses-sess-181208d3_obj-l7dkh6_icephys.nwb,PC,PC_L5,0.8189,batch-2,6,Exc FEZF2 LTBP3,0.61,traced
Mfa181208,s735,sub-Mfa181208_ses-sess-181208d3_obj-p7bnjh_icephys.nwb,PC,#N/A,#N/A,#N/A,#N/A,#N/A,#N/A,
