Subject,filename_original,rawFileName,cellType,Experiment
Mfa201126,20201126s4c8-70mV,sub-Mfa201126_ses-sess-201023126_obj-16olqir_icephys.nwb,PC,sEPSC
Mfa201126,20201126s2c4-70mV,sub-Mfa201126_ses-sess-201023126_obj-t0bi1r_icephys.nwb,PC,sEPSC
Mfa201126,20201126s1c2-70mV,sub-Mfa201126_ses-sess-201023126_obj-15e3e16_icephys.nwb,PC,sEPSC
Mfa201126,20201126s5c12-70mV,sub-Mfa201126_ses-sess-201023126_obj-1i9bc2s_icephys.nwb,PC,sEPSC
Mfa201126,20201126s1c2-70mV,sub-Mfa201126_ses-sess-201023126_obj-15e3e16_icephys.nwb,PC,sEPSC
Mfa201126,20201126s1c3-70mV,sub-Mfa201126_ses-sess-201023126_obj-jgrzuw_icephys.nwb,PC,sEPSC
Mfa201126,20201126s3c5-70mV,sub-Mfa201126_ses-sess-201023126_obj-1ap4tuj_icephys.nwb,PC,sEPSC
Mfa201126,20201126s4c10-70mV,sub-Mfa201126_ses-sess-201023126_obj-1n7bo55_icephys.nwb,PC,sEPSC
Mfa201023,20201023AS01C02-70mV,sub-Mfa201023_ses-sess-201023_obj-1eq93e8_icephys.nwb,PC,sEPSC
Mfa201023,20201023AS01C03-70mV,sub-Mfa201023_ses-sess-201023_obj-1igffau_icephys.nwb,PC,sEPSC
Mfa201023,20201023AS01C07-70mV,sub-Mfa201023_ses-sess-201023_obj-1h8uzvv_icephys.nwb,PC,sEPSC
Mfa201126,20201126s5c11b-70mV,sub-Mfa201126_ses-sess-201023126_obj-wn6cw2_icephys.nwb,VEN,sEPSC
Mfa201126,20201126s4c9-70mV,sub-Mfa201126_ses-sess-201023126_obj-1u56rnh_icephys.nwb,VEN,sEPSC
Mfa201126,20201126s4c7-70mV,sub-Mfa201126_ses-sess-201023126_obj-uvslhx_icephys.nwb,VEN,sEPSC
Mfa201030,20201030vens1c3-70mV,sub-Mfa201030_ses-sess-201030_obj-mhbl1b_icephys.nwb,VEN,sEPSC
Mfa201023,20201023AS01C01-70mV,sub-Mfa201023_ses-sess-201023_obj-1pa4y3o_icephys.nwb,VEN,sEPSC
Mfa201023,20201023AS01C04-70mV,sub-Mfa201023_ses-sess-201023_obj-b0ewiw_icephys.nwb,VEN,sEPSC
Mfa201023,20201023AS01C08-70mV,sub-Mfa201023_ses-sess-201023_obj-a8xj73_icephys.nwb,VEN,sEPSC
Mfa201023,20201023AS01C05-70mV,sub-Mfa201023_ses-sess-201023_obj-meypbx_icephys.nwb,VEN,sEPSC
Mfa201126,20201126s2c4+20mV,sub-Mfa201126_ses-sess-201126_obj-rlgjzz_icephys.nwb,PC,sIPSC
Mfa201126,20201126s5c12+20mV,sub-Mfa201126_ses-sess-201126_obj-w9b4ds_icephys.nwb,PC,sIPSC
Mfa201126,20201126s5c11a+20mV,sub-Mfa201126_ses-sess-201126_obj-1s3ysck_icephys.nwb,PC,sIPSC
Mfa201126,20201126s1c2+20mV,sub-Mfa201126_ses-sess-201126_obj-1tsbdsc_icephys.nwb,PC,sIPSC
Mfa201126,20201126s1c3+20mV,sub-Mfa201126_ses-sess-201126_obj-12i0fre_icephys.nwb,PC,sIPSC
Mfa201126,20201126s3c6+20mV,sub-Mfa201126_ses-sess-201126_obj-838ym4_icephys.nwb,PC,sIPSC
Mfa201126,20201126s4c10+20mV,sub-Mfa201126_ses-sess-201126_obj-11eyh5v_icephys.nwb,PC,sIPSC
Mfa201030,20201030vs7c18+20mV,sub-Mfa201030_ses-sess-201030_obj-n29ivo_icephys.nwb,PC,sIPSC
Mfa201126,20201126s4c7+20mV,sub-Mfa201126_ses-sess-201126_obj-t3fiuv_icephys.nwb,VEN,sIPSC
Mfa201126,20201126s5c11b+20mV,sub-Mfa201126_ses-sess-201126_obj-1s3ysck_icephys.nwb,VEN,sIPSC
Mfa201126,20201126s4c9+20mV,sub-Mfa201126_ses-sess-201126_obj-1tuqzm9_icephys.nwb,VEN,sIPSC
Mfa201126,20201126s5c13+20mV,sub-Mfa201126_ses-sess-201126_obj-1qoizw2_icephys.nwb,VEN,sIPSC
Mfa201030,20201030vens3c8+20mV,sub-Mfa201030_ses-sess-201030_obj-1t919ap_icephys.nwb,VEN,sIPSC
Mfa201030,20201030vens1c3+20mV,sub-Mfa201030_ses-sess-201030_obj-x2i11w_icephys.nwb,VEN,sIPSC
Mfa201030,20201030vens1c6+20mV,sub-Mfa201030_ses-sess-201030_obj-yd3b19_icephys.nwb,VEN,sIPSC
Mfa210403,20210403AS02C05,sub-Mfa210403_ses-Sess250403AS_obj-f3z9bv_icephys.nwb,PC,mEPSC
Mfa210403,20210403AS02C07,sub-Mfa210403_ses-Sess250403AS_obj-1w2fe2k_icephys.nwb,PC,mEPSC
Mfa210403,20210403AS02C08,sub-Mfa210403_ses-Sess250403AS_obj-wudwj_icephys.nwb,PC,mEPSC
Mfa210403,20210403AS04C16,sub-Mfa210403_ses-Sess250403AS_obj-nfq9hp_icephys.nwb,PC,mEPSC
Mfa210403,20210403AS04C18,sub-Mfa210403_ses-Sess250403AS_obj-1wplqqi_icephys.nwb,PC,mEPSC
Mfa210403,20210403AS04C19,sub-Mfa210403_ses-Sess250403AS_obj-1hy08yq_icephys.nwb,PC,mEPSC
Mfa210403,20210403AS04C22,sub-Mfa210403_ses-Sess250403AS_obj-mj6gor_icephys.nwb,PC,mEPSC
Mfa210403,20210403AS05C26#,sub-Mfa210403_ses-Sess250403AS_obj-123f7yh_icephys.nwb,PC,mEPSC
Mfa210403,20210403AS020322,sub-Mfa210403_ses-Sess250403AS_obj-1hq5666_icephys.nwb,VEN,mEPSC
Mfa210403,20210403AS02C11,sub-Mfa210403_ses-Sess250403AS_obj-1nktpia_icephys.nwb,VEN,mEPSC
Mfa210403,20210403AS02C12,sub-Mfa210403_ses-Sess250403AS_obj-ku2uls_icephys.nwb,VEN,mEPSC
Mfa210403,20210403AS04C15,sub-Mfa210403_ses-Sess250403AS_obj-a13tyq_icephys.nwb,VEN,mEPSC
Mfa210403,20210403AS04C20,sub-Mfa210403_ses-Sess250403AS_obj-1liyekt_icephys.nwb,VEN,mEPSC
Mfa210403,20210403AS05C25,sub-Mfa210403_ses-Sess250403AS_obj-6dsg94_icephys.nwb,VEN,mEPSC
Mfa210403,20210403AS05C28,sub-Mfa210403_ses-Sess250403AS_obj-17bl3bi_icephys.nwb,VEN,mEPSC
Mfa250904,20250904AS1C12,sub-Mfa250904_ses-Sess250904AS_obj-14j4kki_icephys.nwb,PC,mIPSC
Mfa250904,20250904AS1C13,sub-Mfa250904_ses-Sess250904AS_obj-1w6meet_icephys.nwb,PC,mIPSC
Mfa250904,20250904AS1C14,sub-Mfa250904_ses-Sess250904AS_obj-ceurdc_icephys.nwb,PC,mIPSC
Mfa250904,20250904AS1C15,sub-Mfa250904_ses-Sess250904AS_obj-opivqg_icephys.nwb,VEN,mIPSC
Mfa250904,20250904AS2C1,sub-Mfa250904_ses-Sess250904AS_obj-22w7ba_icephys.nwb,VEN,mIPSC
Mfa250904,20250904AS2C2,sub-Mfa250904_ses-Sess250904AS_obj-1tmlevr_icephys.nwb,VEN,mIPSC
Mfa250904,20250904AS2C3,sub-Mfa250904_ses-Sess250904AS_obj-7j7uo6_icephys.nwb,VEN,mIPSC
Mfa250904,20250904AS2C4,sub-Mfa250904_ses-Sess250904AS_obj-t6xhex_icephys.nwb,VEN,mIPSC
Mfa250904,20250904AS2C5,sub-Mfa250904_ses-Sess250904AS_obj-1f5h8p1_icephys.nwb,VEN,mIPSC
Mfa250904,20250904AS2C6,sub-Mfa250904_ses-Sess250904AS_obj-x8p67c_icephys.nwb,PC,mIPSC
Mfa250904,20250904AS2C7,sub-Mfa250904_ses-Sess250904AS_obj-flbag1_icephys.nwb,PC,mIPSC
Mfa250904,20250904AS3C8,sub-Mfa250904_ses-Sess250904AS_obj-1ydhi4e_icephys.nwb,PC,mIPSC
Mfa250904,20250904AS3C9,sub-Mfa250904_ses-Sess250904AS_obj-1ky79xo_icephys.nwb,PC,mIPSC
Mfa250904,20250904AS3C10,sub-Mfa250904_ses-Sess250904AS_obj-1bcj2jv_icephys.nwb,PC,mIPSC
Mfa250904,20250904AS3C11,sub-Mfa250904_ses-Sess250904AS_obj-1tnc09p_icephys.nwb,PC,mIPSC
Mfa250904,20250904AS3C14,sub-Mfa250904_ses-Sess250904AS_obj-1lkob2k_icephys.nwb,PC,mIPSC
Mfa250904,20250904AS3C15,sub-Mfa250904_ses-Sess250904AS_obj-gf735e_icephys.nwb,VEN,mIPSC
Mfa250904,20250904HS1C7,sub-Mfa250904_ses-Sess250904HS_obj-1h8f0vp_icephys.nwb,PC,mIPSC
Mfa250904,20250904HS2C8,sub-Mfa250904_ses-Sess250904HS_obj-1hzamhk_icephys.nwb,PC,mIPSC
Mfa250904,20250904HS2C9,sub-Mfa250904_ses-Sess250904HS_obj-3wd62v_icephys.nwb,VEN,mIPSC
Mfa250904,20250904HS2C10,sub-Mfa250904_ses-Sess250904HS_obj-zt8i6q_icephys.nwb,PC,mIPSC
Mfa250904,20250904HS2C11,sub-Mfa250904_ses-Sess250904HS_obj-1s2txk3_icephys.nwb,VEN,mIPSC
Mfa250904,20250904HS2C12,sub-Mfa250904_ses-Sess250904HS_obj-lx27k4_icephys.nwb,VEN,mIPSC
Mfa250904,20250904HS3C13,sub-Mfa250904_ses-Sess250904HS_obj-1w51hrn_icephys.nwb,VEN,mIPSC
Mfa250904,20250904HS3C14,sub-Mfa250904_ses-Sess250904HS_obj-6nwydh_icephys.nwb,VEN,mIPSC
Mfa250904,20250904HS3C15,sub-Mfa250904_ses-Sess250904HS_obj-t8ygv1_icephys.nwb,VEN,mIPSC
Mfa250904,20250904HS3C16,sub-Mfa250904_ses-Sess250904HS_obj-1j3066r_icephys.nwb,VEN,mIPSC
Mfa250904,20250904HS3C17,sub-Mfa250904_ses-Sess250904HS_obj-194xr8x_icephys.nwb,VEN,mIPSC
Mfa250904,20250904HS3C18,sub-Mfa250904_ses-Sess250904HS_obj-1fpy6du_icephys.nwb,PC,mIPSC
Mfa250904,20250904HS3C19,sub-Mfa250904_ses-Sess250904HS_obj-1t5vb83_icephys.nwb,PC,mIPSC
Mfa250904,20250904HS3C20,sub-Mfa250904_ses-Sess250904HS_obj-3jwnce_icephys.nwb,PC,mIPSC
Mfa250904,20250904HS3C22,sub-Mfa250904_ses-Sess250904HS_obj-10il1l4_icephys.nwb,PC,mIPSC
Mfa250904,20250904HS3C23,sub-Mfa250904_ses-Sess250904HS_obj-diwa3z_icephys.nwb,PC,mIPSC
Mfa250904,20250904HS4C24,sub-Mfa250904_ses-Sess250904HS_obj-81799o_icephys.nwb,PC,mIPSC
Mfa250904,20250904HS4C25,sub-Mfa250904_ses-Sess250904HS_obj-kv91hc_icephys.nwb,PC,mIPSC
Mfa250904,20250904HS4C26,sub-Mfa250904_ses-Sess250904HS_obj-17j2vbx_icephys.nwb,PC,mIPSC
