,patchCellSubtypeIDs,UMAP1,UMAP2,predictClusterID
s173,5,8.695310592651367,14.581460952758789,16
s174,5,8.655582427978516,14.616016387939453,16
s175,3,-4.273737907409668,12.986238479614258,18
s177,0,-3.9831438064575195,20.12915802001953,14
s210,8,19.441974639892578,-5.43235445022583,17
s211,5,8.744044303894043,14.604839324951172,16
s212,3,-4.434691429138184,19.725128173828125,14
s213,0,-5.328574180603027,19.80662727355957,14
s214,0,-4.905239105224609,19.86425018310547,14
s218,3,-5.370270252227783,12.83755874633789,18
s219,0,-5.911526203155518,12.948116302490234,18
s221,0,-4.514331817626953,19.363027572631836,14
s222,3,-7.352485179901123,17.157241821289062,6
s225,3,-5.629778861999512,12.948116302490234,18
s227,2,-4.905239105224609,19.86425018310547,14
s418,0,-4.434691429138184,19.85675621032715,14
s419,3,-7.858872413635254,16.893505096435547,6
s421,3,-8.729799270629883,18.30048370361328,6
s422,2,-4.316313743591309,1.433058500289917,5
s423,0,-5.147512912750244,19.773975372314453,14
s425,3,-5.257275581359863,11.493921279907227,18
s426,3,-5.012060642242432,19.794315338134766,14
s427,5,8.744044303894043,14.604839324951172,16
s428,5,8.695310592651367,14.604839324951172,16
s443,3,3.264582633972168,11.650564193725586,3
s444,3,-5.717329978942871,12.670364379882812,18
s445,0,-5.345218181610107,19.956750869750977,14
s461,3,-5.158205032348633,12.979168891906738,18
s463,3,-4.838172912597656,19.75495719909668,14
s464,0,-8.75515079498291,18.363801956176758,6
s465,3,-4.8161773681640625,13.044995307922363,18
s467,0,-4.838172912597656,19.833711624145508,14
s468,3,-8.102869987487793,17.649076461791992,6
s470,3,-5.352081298828125,19.873069763183594,14
s471,6,18.138797760009766,1.3927509784698486,8
s472,3,-7.984356880187988,16.88201904296875,6
s473,3,-5.012060642242432,19.808948516845703,14
s476,5,8.744044303894043,14.581460952758789,16
s478,0,-4.925891876220703,19.725128173828125,14
s481,3,3.85206937789917,11.734395980834961,3
s484,3,-3.552346706390381,19.387916564941406,14
s485,4,8.635250091552734,14.519672393798828,16
s486,4,8.655582427978516,14.616016387939453,16
s487,3,-5.352081298828125,20.163307189941406,14
s492,0,-5.13539981842041,19.781864166259766,14
s493,3,-5.328574180603027,19.845985412597656,14
s494,3,-7.858872413635254,15.211545944213867,6
s495,6,17.43759536743164,1.3485825061798096,8
s496,8,5.658763885498047,22.806394577026367,4
s497,8,19.550628662109375,-5.43235445022583,17
s498,0,-5.30126953125,0.48991966247558594,5
s499,3,-4.624479293823242,19.722305297851562,14
s500,0,-4.763120651245117,19.808948516845703,14
s501,3,-4.850839614868164,19.781864166259766,14
s503,0,-4.281679630279541,1.1034901142120361,5
s506,3,-5.320448875427246,13.036458969116211,18
s508,3,-4.413884162902832,19.722305297851562,14
s509,0,-7.858872413635254,15.717697143554688,6
s515,3,-7.760563850402832,15.416152954101562,6
s516,3,9.580812454223633,8.223309516906738,9
s532,8,7.150768280029297,23.606563568115234,4
s533,3,-2.6637563705444336,8.754051208496094,11
s534,3,-3.79960298538208,19.965503692626953,14
s535,3,1.9199409484863281,-4.0744524002075195,2
s536,3,3.4072306156158447,11.208330154418945,3
s538,6,17.199647903442383,2.25118088722229,8
s539,2,-5.372188568115234,-0.6468852162361145,5
s542,0,-4.273737907409668,13.228536605834961,18
s543,3,-7.858872413635254,15.62078857421875,6
s544,2,-3.888914108276367,0.28145283460617065,5
s546,0,-5.749317646026611,0.11884267628192902,5
s547,0,0.6475094556808472,-0.7096964120864868,2
s548,0,-4.3410162925720215,12.584001541137695,18
s551,3,-5.86295223236084,12.46953010559082,18
s552,3,0.8206688165664673,-0.4550287127494812,2
s553,3,-7.918583869934082,16.79680824279785,6
s554,0,-3.570322036743164,0.01607075333595276,5
s586,3,-5.012060642242432,19.773975372314453,14
s587,5,8.655571937561035,14.604839324951172,16
s588,0,-7.512803077697754,16.779266357421875,6
s589,0,-4.763120651245117,19.722305297851562,14
s591,3,-5.758002281188965,19.873069763183594,14
s592,0,-3.7790210247039795,1.1558681726455688,5
s596,3,-5.1118927001953125,19.873069763183594,14
s597,3,-4.625547409057617,19.802764892578125,14
s598,0,-5.114131927490234,13.115650177001953,18
s601,3,-5.012060642242432,19.794315338134766,14
s620,0,7.63490104675293,-10.539922714233398,0
s621,0,-5.012060642242432,19.808948516845703,14
s622,3,-4.6769514083862305,19.833711624145508,14
s623,3,-4.8722405433654785,13.056610107421875,18
s624,3,-5.147512912750244,19.845985412597656,14
s628,0,-5.480388641357422,12.83755874633789,18
s629,3,-5.147512912750244,19.873069763183594,14
s630,3,-5.1118927001953125,19.794315338134766,14
s631,3,-5.505633354187012,19.773975372314453,14
s647,5,8.695310592651367,14.581460952758789,16
s649,5,8.655582427978516,14.604839324951172,16
s655,3,4.275501251220703,11.0014066696167,3
s657,3,-3.165476083755493,13.381567001342773,18
s666,3,-4.905239105224609,19.80662727355957,14
s672,3,-7.984356880187988,18.09697723388672,6
s681,3,-5.118862152099609,12.828386306762695,18
s690,3,-5.029030799865723,12.86800765991211,18
s691,0,-7.760563850402832,17.99332046508789,6
s692,3,-8.722686767578125,18.019092559814453,6
s695,6,17.295433044433594,2.1949985027313232,8
s696,3,-7.918583869934082,15.829553604125977,6
s700,3,-7.918583869934082,17.99332046508789,6
s702,0,-4.520860195159912,19.85675621032715,14
s703,0,-4.905239105224609,20.006431579589844,14
s706,0,-8.380390167236328,18.950847625732422,6
s712,8,3.6040596961975098,20.11532974243164,4
s717,6,16.67285919189453,-0.3981419801712036,8
s719,0,-5.435257911682129,13.056610107421875,18
s720,3,-8.17299747467041,18.344589233398438,6
s722,3,-5.301348686218262,12.900516510009766,18
s723,3,-8.643453598022461,18.025407791137695,6
s725,3,-4.436071395874023,13.056610107421875,18
s726,3,-7.0960774421691895,16.867036819458008,6
s727,3,-7.984356880187988,16.97138786315918,6
s732,0,-7.984356880187988,15.649801254272461,6
s734,3,-7.858872413635254,15.829553604125977,6
s170,0,-5.168861389160156,12.897552490234375,18
s438,3,-8.421497344970703,18.54503631591797,6
s441,3,-5.147512912750244,19.781864166259766,14
s442,3,-5.147512912750244,19.873069763183594,14
s466,6,17.235225677490234,2.368438720703125,8
s475,5,8.658143043518066,14.634702682495117,16
s479,3,-3.272735595703125,18.787384033203125,14
s537,3,-5.164278984069824,13.036458969116211,18
s549,3,-2.080197334289551,9.20893383026123,11
s657_1,3,-3.4856085777282715,13.732503890991211,18
s661,3,-3.284477710723877,19.81369400024414,14
s673,5,8.641130447387695,14.634702682495117,16
s680,3,-5.138072967529297,13.044265747070312,18
s716,2,-11.927066802978516,-3.0720348358154297,1
B15,3,17.98116683959961,1.826392650604248,8
B55,3,16.98883056640625,3.146139144897461,8
B112,3,15.999109268188477,1.2802681922912598,8
B154,3,17.737991333007812,3.3719124794006348,8
B224,3,17.494895935058594,-0.012496612966060638,8
B289,4,8.78857421875,14.604839324951172,16
B333,4,8.695310592651367,14.560576438903809,16
B361,4,8.655582427978516,14.604839324951172,16
B553,5,8.723722457885742,14.616016387939453,16
B554,3,-7.918583869934082,16.572856903076172,6
B555,3,-4.632468223571777,12.986238479614258,18
B556,2,-4.737391471862793,0.18826524913311005,5
B557,4,8.635250091552734,14.519672393798828,16
B558,3,-5.118862152099609,12.697847366333008,18
B559,3,-5.862640380859375,12.946420669555664,18
B560,5,8.797225952148438,14.616016387939453,16
B561,3,1.0804258584976196,-1.4235994815826416,2
B562,2,-3.6506242752075195,1.3592026233673096,5
B563,4,8.78857421875,14.628495216369629,16
B566,3,-5.651087760925293,19.75203514099121,14
B568,3,-5.347720146179199,19.66802215576172,14
B569,3,-5.012060642242432,19.802764892578125,14
B570,3,-7.858872413635254,15.759716033935547,6
B571,6,16.930952072143555,3.9171581268310547,8
B572,2,-6.084181785583496,-0.6468852162361145,5
B721,5,8.744044303894043,14.616016387939453,16
B722,4,8.695310592651367,14.519672393798828,16
B723,3,4.445096015930176,11.51490592956543,3
B725,4,8.697347640991211,14.590465545654297,16
B728,3,-7.626795291900635,15.685731887817383,6
B733,3,-5.366772651672363,13.024843215942383,18
B734,3,-4.447073459625244,19.92365264892578,14
B735,4,8.695310592651367,14.560576438903809,16
n105,3,-12.599974632263184,10.278789520263672,13
n10,3,17.45566749572754,1.8178715705871582,8
n117,3,-6.857171535491943,17.054468154907227,6
n120,8,19.31719970703125,-5.301617622375488,17
n122,3,5.285946846008301,-11.29404354095459,0
n123,3,-2.150899887084961,-8.61282730102539,19
n126,3,2.617903232574463,9.180665969848633,3
n12,3,-1.9002888202667236,9.235454559326172,11
n143,6,16.760255813598633,3.7293121814727783,8
n144,2,-8.666284561157227,5.227540969848633,15
n145,8,19.362895965576172,-5.687432289123535,17
n146,8,2.7985458374023438,-3.737260103225708,2
n147,3,8.78166389465332,8.026773452758789,9
n149,3,-2.2641172409057617,7.9473466873168945,11
n151,3,-3.267258644104004,19.861709594726562,14
n152,2,-8.373382568359375,5.394695281982422,15
n153,4,8.723722457885742,14.616016387939453,16
n154,6,17.544654846191406,1.9852268695831299,8
n155,6,17.04316520690918,2.5595178604125977,8
n159,8,19.59002685546875,-4.886514663696289,17
n15,4,8.697347640991211,14.616016387939453,16
n160,3,-11.10313606262207,9.060113906860352,13
n167,3,-3.267366647720337,19.956867218017578,14
n169,3,17.53619384765625,1.0083703994750977,8
n171,3,17.971046447753906,3.8896288871765137,8
n173,2,-8.973865509033203,4.45216178894043,15
n174,8,19.312517166137695,-5.76872444152832,17
n175,3,16.76483917236328,2.627415180206299,8
n176,0,16.186471939086914,2.4604761600494385,8
n177,3,5.838159561157227,-7.35577392578125,0
n178,2,-6.292316436767578,-1.7314908504486084,5
n179,6,17.380565643310547,2.7850451469421387,8
n180,8,3.4452500343322754,21.777149200439453,4
n181,2,-10.870833396911621,0.22812771797180176,1
n182,3,17.72216033935547,2.697721242904663,8
n183,3,-5.609081268310547,11.13257122039795,18
n185,2,-12.166940689086914,-3.726947784423828,1
n186,6,17.01568031311035,4.381969451904297,8
n187,4,8.695310592651367,14.560576438903809,16
n190,4,8.655582427978516,14.590465545654297,16
n191,3,-4.401392936706543,19.92389678955078,14
n192,2,-8.675077438354492,5.227540969848633,15
n193,2,-8.829721450805664,4.255375862121582,15
n196,3,6.602999687194824,-7.895414352416992,0
n197,2,-8.781787872314453,5.4420166015625,15
n198,3,5.66140604019165,-7.755320072174072,0
n19,3,-7.914804458618164,19.00657081604004,6
n1,3,-4.7106194496154785,12.678190231323242,18
n200,2,1.1627177000045776,-1.0592056512832642,2
n201,3,17.240291595458984,4.1148223876953125,8
n202,2,2.905513048171997,-1.686652421951294,2
n209,3,-5.216984748840332,12.710357666015625,18
n20,0,-7.192017555236816,16.947593688964844,6
n22,2,-8.8652925491333,4.318539142608643,15
n23,2,-5.971641540527344,-1.1806254386901855,5
n25,3,-8.240693092346191,18.406875610351562,6
n26,2,4.752468109130859,-9.886764526367188,0
n27,3,4.991430759429932,9.851374626159668,3
n29,4,8.762199401855469,14.590465545654297,16
n30,8,6.89190673828125,23.997068405151367,4
n32,3,-8.155182838439941,16.277454376220703,6
n33,3,-5.422721862792969,19.85675621032715,14
n34,8,19.065319061279297,-5.790610313415527,17
n35,3,-5.118862152099609,12.876049041748047,18
n36,3,-4.97023868560791,19.36597442626953,14
n37,3,-5.480388641357422,12.180671691894531,18
n3,3,-4.763120651245117,19.781864166259766,14
n40,0,-5.233100891113281,12.541557312011719,18
n41,8,19.13711929321289,-5.8348541259765625,17
n44,2,1.058037281036377,-1.8767116069793701,2
n46,4,8.695310592651367,14.604839324951172,16
n47,4,8.760162353515625,14.581460952758789,16
n49,3,-4.994223594665527,12.375432968139648,18
n4,8,19.607757568359375,-5.4675211906433105,17
n50,2,-8.847216606140137,5.227540969848633,15
n51,3,0.29411566257476807,-0.8250247240066528,2
n52,0,-5.193358421325684,12.441873550415039,18
n53,3,-7.914804458618164,17.666702270507812,6
n54,3,-4.652355194091797,10.814176559448242,18
n5,0,-5.135615348815918,11.644231796264648,18
n63,2,-8.714716911315918,4.948503494262695,15
n64,3,2.280782699584961,-1.851227045059204,2
n65,0,-5.717329978942871,12.374959945678711,18
n66,2,-6.012639999389648,-0.7856281995773315,5
n67,2,-4.714058876037598,-1.885008692741394,5
n68,3,5.148954391479492,-8.232889175415039,0
n69,2,0.48126956820487976,-0.6005197763442993,2
n70,0,8.739839553833008,14.546201705932617,16
n71,6,17.544654846191406,2.715514898300171,8
n73,2,-0.6766000986099243,-0.7299954891204834,2
n75,0,5.012373924255371,-9.468613624572754,0
n77,2,-8.711013793945312,5.227540969848633,15
n78,2,-5.657703876495361,-1.2137821912765503,5
n79,0,8.695310592651367,14.604839324951172,16
n82,2,-4.796377658843994,-0.03521569073200226,5
n83,2,-11.779014587402344,-4.658559799194336,1
n84,4,8.697347640991211,14.546201705932617,16
n85,2,-10.737689018249512,-1.60782790184021,1
n86,2,-5.461690902709961,1.0425660610198975,5
n87,0,-5.199532508850098,12.588801383972168,18
n8,0,-5.346357345581055,12.032194137573242,18
n90,6,17.165367126464844,3.3481428623199463,8
n92,0,-4.901217460632324,12.907781600952148,18
