Unnamed: 0,UMAP1,UMAP2,UMAP3,UMAP4,UMAP5,clusterLabel
B112,0.03764533,6.866316,7.502925,3.878307,3.8629158,3
B15,0.6087573,7.2138214,7.7082896,4.3474326,3.477927,3
B154,1.6648232,6.7804413,7.299504,4.7389574,4.4728093,3
B224,0.51854306,7.8259425,7.61343,4.9534745,3.1327147,3
B55,0.31363717,7.119932,7.7519646,4.1313405,3.6030567,3
B553,8.2184305,8.841251,9.081253,2.8028514,7.23115,5
B555,2.476528,6.1528034,7.12845,4.839058,5.092839,1
B557,2.373752,1.640918,7.7874937,4.6043997,7.688697,2
B561,2.4188364,6.115477,7.263593,4.8694615,5.199593,1
B563,0.015075148,6.9597225,7.5932937,3.92011,3.7514033,3
B566,-0.39253455,3.8811555,6.8584175,3.2523463,5.9060297,1
B569,8.085341,8.655985,9.051079,2.8565516,7.097785,1
B570,1.4532788,6.1528907,7.480844,4.327706,5.096047,1
B721,8.327877,8.532696,8.959365,3.0965126,7.194261,5
B723,2.0682073,5.346932,7.5256276,4.4302807,5.5729136,1
B725,2.3822205,1.6885093,7.8251386,4.5632257,7.6480536,2
B735,2.6961806,4.8176823,7.683127,4.638944,6.02041,2
n10,0.33386564,7.544193,7.526521,4.591432,3.1940022,3
n105,2.4657717,5.500354,7.673995,4.6224627,5.6455398,1
n112,2.4505672,1.8483063,7.9182243,4.420216,7.4999065,1
n12,0.1522234,6.6136603,7.543812,3.7627916,4.1803007,1
n120,1.6258194,6.8203497,7.2830424,4.738294,4.4329967,4
n122,2.4082115,5.5333014,7.522745,4.6106997,5.463658,1
n126,0.68333167,6.265498,7.608062,3.8319335,4.6160493,1
n143,8.026331,8.7543955,9.102437,2.6965747,7.0442076,6
n144,-1.8373758,4.971784,6.390011,2.2234402,4.828436,0
n145,0.37657487,7.74942,7.6230845,4.815176,3.128148,4
n146,-1.2886107,3.935018,6.67278,2.7461734,5.480697,4
n147,2.2042735,2.1431897,7.7921815,4.2883773,7.3817534,1
n149,2.8365288,5.597312,7.303014,5.2968817,5.8666687,1
n15,2.411146,1.9212393,7.936661,4.384261,7.4806323,2
n151,1.229823,6.1883945,7.493498,4.174055,5.0171776,1
n154,2.872943,5.916129,7.4719095,4.9642305,5.615155,6
n155,8.660029,8.882092,8.713355,2.6063511,7.724465,6
n159,0.29799628,7.414773,7.5363727,4.500541,3.4132292,4
n169,0.13965796,7.2087693,7.4379807,4.2912846,3.5099523,3
n171,-0.12839562,7.195705,7.39048,4.223798,3.5434365,3
n173,-2.0592504,5.2593546,6.3934274,2.0694852,4.570092,0
n176,8.695008,8.004076,9.181009,2.9083333,7.132302,6
n179,8.374299,8.505723,8.925438,3.1006806,7.2449875,6
n180,1.4757029,6.8702116,7.3427987,4.6588593,4.3037243,4
n182,0.51956815,7.453664,7.7224674,4.537132,3.2188787,3
n19,2.4851727,5.1656675,7.697881,4.5821557,5.900868,1
n190,2.2310834,2.2112057,7.820734,4.398435,7.4261503,2
n192,-0.95742244,4.044723,6.683116,2.9067574,5.573099,0
n193,-1.8809584,5.316718,6.4790044,2.2142942,4.5822754,0
n196,-1.1686003,4.304956,6.663771,2.7955565,5.319971,1
n197,-1.4887252,5.404665,6.665336,2.546016,4.6001296,0
n198,-1.2049786,4.6199946,6.720749,2.7418044,5.0676904,1
n200,-1.2894689,4.6340675,6.5562315,2.53212,5.194635,0
n201,8.335809,8.847162,8.9558,2.6051702,7.4408216,6
n202,-0.887438,4.114522,6.7211857,2.9405804,5.5510454,0
n209,1.7009058,5.175487,7.400714,4.1963263,5.6596184,1
n23,-1.9873489,5.08144,6.482456,2.0823386,4.737899,0
n25,0.7554648,6.7434773,7.3412466,4.40932,4.408998,1
n26,-0.6917213,3.9091442,6.7480073,3.0722866,5.772131,0
n30,0.5973805,7.861457,7.5636587,5.036898,3.1920483,4
n34,0.12580393,7.628966,7.311734,4.7420826,3.163404,4
n4,0.113800906,7.728968,7.839606,4.6273293,3.093498,4
n41,0.16148357,7.5052977,7.7305856,4.429913,3.271231,4
n44,-2.2185776,5.207441,6.397682,1.9026773,4.570008,0
n46,2.3610392,2.076059,7.9135733,4.3860765,7.399058,2
n47,2.407369,1.7353368,7.879235,4.508294,7.594616,2
n53,0.09658853,7.6146336,7.281918,4.7312737,3.1693923,1
n64,1.3431741,4.508219,6.9825754,3.88671,6.0080853,1
n66,-1.6757784,5.414057,6.585237,2.3894258,4.5550327,0
n67,-2.0555394,5.0690985,6.441938,2.0201602,4.716771,0
n68,-1.3523387,4.546409,6.63558,2.621583,5.127632,1
n69,-2.1132808,5.2347646,6.417645,2.0046272,4.577796,0
n71,1.2545257,6.2842956,7.4495854,4.247983,5.0244937,6
n73,-0.48836222,3.741185,6.8800716,3.1650069,6.0070043,0
n77,-1.4235533,4.098715,6.6847878,2.7369566,5.290966,0
n78,-1.0190884,4.401419,6.6526637,2.8680823,5.3778825,0
n82,-1.7137326,4.7813773,6.515146,2.2990522,4.929773,0
n83,8.061395,8.609731,9.152376,2.6820865,6.9646287,0
n84,2.4443643,2.3783717,7.908716,4.4677896,7.2940626,2
n85,-1.0016221,4.1233077,6.728838,2.8247952,5.489889,0
n86,-1.4522455,4.1368384,6.679518,2.6880481,5.259541,0
s173,7.9276433,8.707794,9.058561,2.8220823,6.974134,5
s174,8.653207,8.783771,8.729621,2.600297,7.6151447,5
s175,1.5153631,4.77742,7.146673,4.0610757,5.792702,1
s210,1.0794578,6.409621,7.4075274,4.302944,4.8499084,4
s218,2.8400147,5.399459,7.53621,5.011601,5.976409,1
s222,1.482087,4.5958037,7.0339003,3.9957576,5.964777,1
s225,2.7635849,5.440099,7.397428,5.1793756,5.960141,1
s422,0.214675,6.7610126,7.437022,3.890866,4.06599,0
s427,8.245501,8.905263,9.043638,2.6526284,7.3360558,5
s438,1.7303072,5.576474,7.5681024,4.2661285,5.463005,1
s444,1.6170591,4.655331,7.10371,4.1095643,5.93111,1
s466,8.622601,8.086217,9.053676,2.8194132,7.239311,6
s467,2.8034964,5.7245083,7.3897896,5.1021175,5.7151113,6
s471,8.432512,8.287236,8.974843,3.0087287,7.16958,6
s475,8.613847,8.8307495,8.762726,2.6549146,7.715614,5
s476,8.590761,8.823804,8.779808,2.6709344,7.708741,5
s481,2.8972425,5.2191157,7.6646075,4.854256,6.0743175,1
s485,2.1623502,2.194342,7.785522,4.3055043,7.3638616,2
s486,2.4121535,1.8335437,7.907827,4.4334707,7.5208282,2
s495,8.510602,8.13674,9.059984,2.9270005,7.136837,6
s496,0.5426765,7.3420343,7.6808558,4.4495716,3.3373709,4
s497,0.38805825,7.178891,7.396086,4.4769273,3.768446,4
s506,1.2517354,4.671752,7.086657,3.8662941,5.848895,1
s516,1.4899335,4.8711247,7.2323856,4.06198,5.6901627,1
s532,-0.03437573,7.3144875,7.3591785,4.376189,3.4112666,4
s533,-0.4565747,3.9299684,6.818945,3.204374,5.852728,1
s534,2.5046356,6.1705866,7.1230493,4.976171,5.1856227,1
s535,0.072784945,6.6588254,7.51101,3.750699,4.1054816,1
s536,0.34089422,6.5359225,7.5390115,3.8132985,4.2829337,1
s538,8.334998,8.368243,8.953016,3.0384502,7.1306357,6
s539,-1.5830246,4.7454677,6.5438514,2.4117427,4.9859333,1
s543,2.4559104,6.079159,7.221277,4.857416,5.1629043,1
s544,-1.3870075,4.023014,6.664847,2.70179,5.3783197,0
s549,1.4623027,5.87258,7.5803514,4.1906543,5.2026114,1
s551,2.4123347,5.709459,7.4662156,4.7471585,5.33818,1
s623,2.2916498,4.8982553,7.4552946,4.479302,5.8052497,1
s629,0.91626257,6.1717854,7.520262,3.9950058,4.8753777,1
s631,-1.4290456,5.5344067,6.7181225,2.6045327,4.500719,1
s647,8.531973,8.672369,8.851316,2.784888,7.5695004,5
s649,8.601516,8.124343,9.092244,2.792249,7.209148,5
s655,1.9931201,5.455705,7.602404,4.3733244,5.547454,1
s657,1.8208683,6.2379365,7.4069567,4.5859847,5.028724,1
s673,8.44157,8.498673,8.975768,2.808553,7.2910824,5
s680,2.3106613,5.1136546,7.446994,4.538522,5.596058,1
s690,0.8968841,6.134242,7.598113,3.924526,4.8223042,1
s696,0.10454287,6.5977197,7.5645394,3.7387116,4.1880713,1
s712,0.12262026,7.705473,7.822273,4.611805,3.1122336,4
s720,2.5269706,6.030166,7.217628,4.9664044,5.2764564,1
s722,1.2592299,6.3951435,7.396306,4.388489,4.93094,1
s725,1.4471561,4.6107993,7.064325,3.9617078,5.9262977,1
s727,2.4308982,5.2842784,7.4366574,4.6403427,5.468901,1
s734,1.5840359,4.6519103,7.0736456,4.085686,5.9189267,1
